,mid_price,estimated_delivery_price,volume_usd,quote_currency,creation_timestamp,base_currency,interest_rate,volume,underlying_index,underlying_price,price_change,mark_price,open_interest,ask_price,bid_price,instrument_name,last,low,high
0,0.02975,2307.91,274.52,ETH,1703393241971,ETH,0.0,4.0,ETH-29MAR24,2388.45,0.0,0.029822,16106.0,0.031,0.0285,ETH-29MAR24-1800-P,0.03,0.03,0.03
1,0.02775,2307.91,35078.64,ETH,1703393241971,ETH,0.0,518.0,SYN.ETH-12JAN24,2328.81,-8.3333,0.028009,1374.0,0.028,0.0275,ETH-12JAN24-2200-P,0.0275,0.0275,0.03
2,0.00105,2307.91,25.1,ETH,1703393241971,ETH,0.0,16.0,SYN.ETH-26DEC23,2310.5298230007415,75.0,0.000997,16.0,0.0012,0.0009,ETH-26DEC23-2500-C,0.0007,0.0004,0.0007
3,0.08325,2307.91,4632.38,ETH,1703393241971,ETH,0.0,24.0,SYN.ETH-23FEB24,2362.8322222222223,0.5952,0.083402,1052.0,0.084,0.0825,ETH-23FEB24-2300-P,0.0845,0.0815,0.0845
4,0.0004,2307.91,293.38,ETH,1703393241972,ETH,0.0,160.0,SYN.ETH-25DEC23,2309.2364306676554,-84.0,0.000375,141.0,0.0006,0.0002,ETH-25DEC23-2225-P,0.0004,0.0004,0.0025
5,,2307.91,0.0,ETH,1703393241972,ETH,0.0,0.0,ETH-29MAR24,2388.45,,1.516416,0.0,,,ETH-29MAR24-6000-P,,,
6,,2307.91,0.0,ETH,1703393241972,ETH,0.0,0.0,ETH-26JAN24,2342.59,,0.531052,0.0,,,ETH-26JAN24-1100-C,,,
7,0.20005,2307.91,0.0,ETH,1703393241972,ETH,0.0,0.0,ETH-29MAR24,2388.45,,0.346104,5171.0,0.4,0.0001,ETH-29MAR24-1600-C,0.3445,,
8,0.0225,2307.91,0.0,ETH,1703393241972,ETH,0.0,0.0,ETH-28JUN24,2442.14,,0.022598,11306.0,0.024,0.021,ETH-28JUN24-1400-P,0.022,,
9,0.00875,2307.91,0.0,ETH,1703393241972,ETH,0.0,0.0,ETH-29MAR24,2388.45,,0.008599,20156.0,0.0095,0.008,ETH-29MAR24-1400-P,0.009,,
10,,2307.91,0.0,ETH,1703393241973,ETH,0.0,0.0,ETH-26JAN24,2342.59,,0.403955,139.0,,,ETH-26JAN24-1400-C,0.377,,
11,,2307.91,0.0,ETH,1703393241973,ETH,0.0,0.0,ETH-28JUN24,2442.14,,0.322079,8302.0,,0.0001,ETH-28JUN24-1800-C,0.291,,
12,0.02775,2307.91,39620.05,ETH,1703393241973,ETH,0.0,625.0,ETH-26JAN24,2342.59,14.2857,0.027643,12063.0,0.028,0.0275,ETH-26JAN24-2700-C,0.028,0.0235,0.0285
13,,2307.91,0.0,ETH,1703393241973,ETH,0.0,0.0,ETH-28JUN24,2442.14,,0.449272,641.0,,0.0002,ETH-28JUN24-1400-C,0.407,,
14,,2307.91,0.0,ETH,1703393241973,ETH,0.0,0.0,SYN.ETH-25DEC23,2309.2364306676554,,0.255826,0.0,,,ETH-25DEC23-2900-P,,,
15,,2307.91,0.0,ETH,1703393241973,ETH,0.0,0.0,SYN.ETH-25DEC23,2309.2364306676554,,0.0,0.0,0.0004,,ETH-25DEC23-1950-P,,,
16,,2307.91,0.0,ETH,1703393241973,ETH,0.0,0.0,SYN.ETH-12JAN24,2328.81,,0.172935,0.0,,,ETH-12JAN24-2700-P,,,
17,,2307.91,0.0,ETH,1703393241973,ETH,0.0,0.0,SYN.ETH-24DEC23,2307.94303833457,,0.0,103.0,0.0002,,ETH-24DEC23-1900-P,0.0001,,
18,,2307.91,0.0,ETH,1703393241973,ETH,0.0,0.0,SYN.ETH-24DEC23,2307.94303833457,,0.057603,0.0,,0.0005,ETH-24DEC23-2175-C,,,
19,,2307.91,0.0,ETH,1703393241973,ETH,0.0,0.0,ETH-29MAR24,2388.45,,1.308354,0.0,,,ETH-29MAR24-5500-P,,,
20,,2307.91,0.0,ETH,1703393241973,ETH,0.0,0.0,ETH-26JAN24,2342.59,,0.743911,20.0,,,ETH-26JAN24-600-C,0.74,,
21,,2307.91,0.0,ETH,1703393241973,ETH,0.0,0.0,SYN.ETH-23FEB24,2362.8322222222223,,0.37507,0.0,,,ETH-23FEB24-3200-P,,,
22,,2307.91,0.0,ETH,1703393241973,ETH,0.0,0.0,SYN.ETH-26DEC23,2310.5298230007415,,0.134426,0.0,,,ETH-26DEC23-2000-C,,,
23,,2307.91,0.0,ETH,1703393241973,ETH,0.0,0.0,SYN.ETH-12JAN24,2328.81,,0.377443,0.0,,,ETH-12JAN24-3200-P,,,
24,0.20975,2307.91,0.0,ETH,1703393241973,ETH,0.0,0.0,ETH-29DEC23,2314.56,,0.210445,646.0,0.219,0.2005,ETH-29DEC23-2800-P,0.201,,
25,0.1085,2307.91,0.0,ETH,1703393241973,ETH,0.0,0.0,ETH-28JUN24,2442.14,,0.108211,34389.0,0.111,0.106,ETH-28JUN24-3000-C,0.1045,,
26,,2307.91,0.23,ETH,1703393241973,ETH,0.0,1.0,SYN.ETH-25DEC23,2309.2364306676554,0.0,0.0,2.0,0.0004,,ETH-25DEC23-2800-C,0.0001,0.0001,0.0001
27,,2307.91,0.0,ETH,1703393241973,ETH,0.0,0.0,ETH-29DEC23,2314.56,,0.913585,0.0,,,ETH-29DEC23-200-C,,,
28,,2307.91,22.5,ETH,1703393241973,ETH,0.0,89.0,ETH-29DEC23,2314.56,100.0,0.000152,1237.0,0.0002,,ETH-29DEC23-3200-C,0.0002,0.0001,0.0002
29,0.00015,2307.91,0.0,ETH,1703393241973,ETH,0.0,0.0,ETH-5JAN24,2322.0,,0.000144,107.0,0.0002,0.0001,ETH-5JAN24-3800-C,0.0003,,
30,,2307.91,0.0,ETH,1703393241973,ETH,0.0,0.0,SYN.ETH-26DEC23,2310.5298230007415,,0.255124,0.0,,,ETH-26DEC23-2900-P,,,
31,0.0215,2307.91,0.0,ETH,1703393241973,ETH,0.0,0.0,SYN.ETH-25DEC23,2309.2364306676554,,0.026556,0.0,0.036,0.007,ETH-25DEC23-2250-C,,,
32,0.0295,2307.91,18484.58,ETH,1703393241973,ETH,0.0,259.0,SYN.ETH-23FEB24,2362.8322222222223,16.6038,0.02925,7796.0,0.0305,0.0285,ETH-23FEB24-3000-C,0.0309,0.026,0.0309
33,0.05825,2307.91,4124.09,ETH,1703393241973,ETH,0.0,30.0,SYN.ETH-12JAN24,2328.81,0.8403,0.058124,345.0,0.059,0.0575,ETH-12JAN24-2350-P,0.06,0.0595,0.06
34,,2307.91,0.0,ETH,1703393241973,ETH,0.0,0.0,SYN.ETH-12JAN24,2328.81,,0.313904,0.0,,,ETH-12JAN24-1600-C,,,
35,,2307.91,0.0,ETH,1703393241973,ETH,0.0,0.0,SYN.ETH-24DEC23,2307.94303833457,,0.0,0.0,0.0004,,ETH-24DEC23-2750-C,,,
36,0.1065,2307.91,1019.15,ETH,1703393241973,ETH,0.0,4.0,SYN.ETH-23FEB24,2362.8322222222223,0.0,0.106748,1234.0,0.1075,0.1055,ETH-23FEB24-2400-P,0.1115,0.1115,0.1115
37,,2307.91,0.0,ETH,1703393241973,ETH,0.0,0.0,ETH-5JAN24,2322.0,,0.108949,0.0,,,ETH-5JAN24-2550-P,,,
38,0.0055,2307.91,1535.36,ETH,1703393241973,ETH,0.0,102.0,SYN.ETH-25DEC23,2309.2364306676554,63.2653,0.005411,218.0,0.006,0.005,ETH-25DEC23-2325-C,0.008,0.0032,0.0085
39,,2307.91,0.0,ETH,1703393241973,ETH,0.0,0.0,SYN.ETH-24DEC23,2307.94303833457,,0.10488,0.0,,,ETH-24DEC23-2550-P,,,
40,,2307.91,0.0,ETH,1703393241973,ETH,0.0,0.0,ETH-5JAN24,2322.0,,0.526381,0.0,,,ETH-5JAN24-1100-C,,,
41,0.0016,2307.91,12.25,ETH,1703393241973,ETH,0.0,3.0,SYN.ETH-12JAN24,2328.81,0.0,0.001583,99.0,0.0018,0.0014,ETH-12JAN24-1700-P,0.0018,0.0017,0.0018
42,0.0055,2307.91,1001.93,ETH,1703393241973,ETH,0.0,93.0,SYN.ETH-12JAN24,2328.81,25.0,0.005424,974.0,0.006,0.005,ETH-12JAN24-3000-C,0.006,0.0044,0.006
43,,2307.91,0.0,ETH,1703393241973,ETH,0.0,0.0,ETH-27SEP24,2483.22,,2.242164,0.0,,,ETH-27SEP24-8000-P,,,
44,,2307.91,1585.91,ETH,1703393241973,ETH,0.0,11.0,ETH-5JAN24,2322.0,-5.303,0.068318,1424.0,,0.0005,ETH-5JAN24-2200-C,0.0625,0.0625,0.066
45,0.00575,2307.91,40472.67,ETH,1703393241973,ETH,0.0,2560.0,ETH-29DEC23,2314.56,-21.4286,0.005826,22919.0,0.006,0.0055,ETH-29DEC23-2200-P,0.0055,0.0048,0.0085
46,,2307.91,462.28,ETH,1703393241973,ETH,0.0,11.0,SYN.ETH-26DEC23,2310.5298230007415,51.5152,0.021382,9.0,,0.0005,ETH-26DEC23-2275-C,0.025,0.0165,0.025
47,,2307.91,0.0,ETH,1703393241973,ETH,0.0,0.0,ETH-26JAN24,2342.59,,0.145813,100.0,,0.0015,ETH-26JAN24-2600-P,0.1325,,
48,,2307.91,131.63,ETH,1703393241973,ETH,0.0,146.0,SYN.ETH-24DEC23,2307.94303833457,-87.5,1e-06,515.0,0.0003,,ETH-24DEC23-2225-P,0.0001,0.0001,0.0008
49,0.075,2307.91,0.0,ETH,1703393241973,ETH,0.0,0.0,ETH-29DEC23,2314.56,,0.074277,60.0,0.079,0.071,ETH-29DEC23-2150-C,0.0675,,
50,0.0033,2307.91,2130.95,ETH,1703393241973,ETH,0.0,264.0,ETH-5JAN24,2322.0,-5.4054,0.003411,2571.0,0.0035,0.0031,ETH-5JAN24-2000-P,0.0035,0.0032,0.0037
51,,2307.91,0.0,ETH,1703393241973,ETH,0.0,0.0,ETH-29MAR24,2388.45,,2.2e-05,1335.0,0.0007,,ETH-29MAR24-200-P,0.0001,,
52,0.01025,2307.91,1222.49,ETH,1703393241973,ETH,0.0,53.0,ETH-26JAN24,2342.59,16.6667,0.010256,28990.0,0.0105,0.01,ETH-26JAN24-3100-C,0.0105,0.009,0.0105
53,,2307.91,0.0,ETH,1703393241973,ETH,0.0,0.0,ETH-5JAN24,2322.0,,0.39723,0.0,,,ETH-5JAN24-1400-C,,,
54,,2307.91,0.0,ETH,1703393241973,ETH,0.0,0.0,ETH-5JAN24,2322.0,,0.090654,0.0,,,ETH-5JAN24-2500-P,,,
55,0.0335,2307.91,974.72,ETH,1703393241973,ETH,0.0,13.0,SYN.ETH-23FEB24,2362.8322222222223,-4.4776,0.033504,3588.0,0.034,0.033,ETH-23FEB24-2000-P,0.032,0.032,0.0335
56,0.0515,2307.91,5959.03,ETH,1703393241973,ETH,0.0,51.0,SYN.ETH-23FEB24,2362.8322222222223,11.5789,0.051145,10118.0,0.0525,0.0505,ETH-23FEB24-2700-C,0.053,0.0475,0.053
57,0.028,2307.91,0.0,ETH,1703393241973,ETH,0.0,0.0,ETH-27SEP24,2483.08,,0.02816,828.0,0.03,0.026,ETH-27SEP24-1300-P,0.0305,,
58,,2307.91,0.0,ETH,1703393241973,ETH,0.0,0.0,ETH-29DEC23,2314.56,,0.783967,1110.0,,,ETH-29DEC23-500-C,0.7645,,
59,,2307.91,0.0,ETH,1703393241973,ETH,0.0,0.0,ETH-5JAN24,2322.0,,0.246957,1.0,,,ETH-5JAN24-1750-C,0.213,,
60,0.1445,2307.91,0.0,ETH,1703393241973,ETH,0.0,0.0,ETH-28JUN24,2442.14,,0.144638,1294.0,0.1475,0.1415,ETH-28JUN24-2300-P,0.1675,,
61,0.006,2307.91,0.0,ETH,1703393241973,ETH,0.0,0.0,SYN.ETH-23FEB24,2362.8322222222223,,0.005904,650.0,0.0065,0.0055,ETH-23FEB24-4200-C,0.0048,,
62,0.049,2307.91,6334.15,ETH,1703393241973,ETH,0.0,56.0,SYN.ETH-12JAN24,2328.81,20.9302,0.049025,1161.0,0.0495,0.0485,ETH-12JAN24-2350-C,0.052,0.043,0.053
63,0.00095,2307.91,0.0,ETH,1703393241973,ETH,0.0,0.0,SYN.ETH-23FEB24,2362.8322222222223,,0.000863,119.0,0.0015,0.0004,ETH-23FEB24-1000-P,0.0008,,
64,,2307.91,0.0,ETH,1703393241973,ETH,0.0,0.0,ETH-26JAN24,2342.59,,0.701348,0.0,,,ETH-26JAN24-700-C,,,
65,0.00115,2307.91,246.76,ETH,1703393241973,ETH,0.0,61.0,SYN.ETH-25DEC23,2309.2364306676554,240.0,0.001138,88.0,0.0014,0.0009,ETH-25DEC23-2400-C,0.0017,0.0004,0.0019
66,0.12825,2307.91,0.0,ETH,1703393241973,ETH,0.0,0.0,ETH-29MAR24,2388.45,,0.128266,19865.0,0.13,0.1265,ETH-29MAR24-2400-P,0.1205,,
67,0.12925,2307.91,0.0,ETH,1703393241973,ETH,0.0,0.0,ETH-27SEP24,2483.22,,0.129461,1012.0,0.1325,0.126,ETH-27SEP24-2100-P,0.1395,,
68,0.00025,2307.91,69.45,ETH,1703393241973,ETH,0.0,85.0,SYN.ETH-25DEC23,2309.2364306676554,200.0,0.000288,70.0,0.0004,0.0001,ETH-25DEC23-2475-C,0.0003,0.0001,0.0005
69,,2307.91,156.08,ETH,1703393241973,ETH,0.0,260.0,SYN.ETH-24DEC23,2307.94303833457,-75.0,0.0,460.0,0.0003,,ETH-24DEC23-2200-P,0.0001,0.0001,0.0005
70,,2307.91,0.0,ETH,1703393241973,ETH,0.0,0.0,ETH-5JAN24,2322.0,,0.569357,0.0,,,ETH-5JAN24-1000-C,,,
71,0.0002,2307.91,21.33,ETH,1703393241973,ETH,0.0,69.0,SYN.ETH-25DEC23,2309.2364306676554,200.0,0.000142,132.0,0.0003,0.0001,ETH-25DEC23-2500-C,0.0003,0.0001,0.0003
72,,2307.91,0.0,ETH,1703393241973,ETH,0.0,0.0,ETH-26JAN24,2342.59,,0.293673,10.0,,,ETH-26JAN24-3000-P,0.3305,,
73,0.13725,2307.91,9537.41,ETH,1703393241973,ETH,0.0,32.0,ETH-29DEC23,2314.56,9.375,0.136759,51408.0,0.1435,0.131,ETH-29DEC23-2000-C,0.14,0.128,0.14
74,0.01125,2307.91,14762.52,ETH,1703393241974,ETH,0.0,573.0,SYN.ETH-12JAN24,2328.81,-12.5,0.011324,2861.0,0.0115,0.011,ETH-12JAN24-2050-P,0.0105,0.0105,0.0125
75,0.214,2307.91,0.0,ETH,1703393241974,ETH,0.0,0.0,ETH-27SEP24,2483.08,,0.213449,1694.0,0.215,0.213,ETH-27SEP24-2500-C,0.211,,
76,0.00025,2307.91,1305.38,ETH,1703393241974,ETH,0.0,1771.0,SYN.ETH-24DEC23,2307.94303833457,-33.3333,7.6e-05,2378.0,0.0004,0.0001,ETH-24DEC23-2375-C,0.0004,0.0001,0.0007
77,,2307.91,0.0,ETH,1703393241974,ETH,0.0,0.0,ETH-27SEP24,2483.08,,0.538699,2.0,,,ETH-27SEP24-1200-C,0.3335,,
78,0.00825,2307.91,393.65,ETH,1703393241974,ETH,0.0,20.0,ETH-26JAN24,2342.59,0.0,0.008275,44464.0,0.0085,0.008,ETH-26JAN24-3200-C,0.0085,0.0085,0.0085
79,,2307.91,0.0,ETH,1703393241974,ETH,0.0,0.0,ETH-26JAN24,2342.59,,0.616145,0.0,,,ETH-26JAN24-900-C,,,
80,,2307.91,0.0,ETH,1703393241974,ETH,0.0,0.0,ETH-27SEP24,2483.08,,0.504616,0.0,,,ETH-27SEP24-1300-C,,,
81,,2307.91,0.0,ETH,1703393241974,ETH,0.0,0.0,ETH-27SEP24,2483.08,,0.839745,0.0,,,ETH-27SEP24-400-C,,,
82,0.07075,2307.91,2593.69,ETH,1703393241974,ETH,0.0,17.0,ETH-29MAR24,2388.45,2.2901,0.070267,70215.0,0.072,0.0695,ETH-29MAR24-2800-C,0.067,0.0655,0.067
83,,2307.91,0.0,ETH,1703393241974,ETH,0.0,0.0,ETH-27SEP24,2483.22,,0.440293,65.0,,,ETH-27SEP24-1500-C,0.36,,
84,,2307.91,0.0,ETH,1703393241974,ETH,0.0,0.0,SYN.ETH-24DEC23,2307.94303833457,,0.05084,0.0,,0.03,ETH-24DEC23-2425-P,,,
85,,2307.91,217.3,ETH,1703393241974,ETH,0.0,1.0,ETH-5JAN24,2322.0,0.0,0.102925,735.0,,,ETH-5JAN24-2100-C,0.095,0.095,0.095
86,,2307.91,0.0,ETH,1703393241974,ETH,0.0,0.0,SYN.ETH-24DEC23,2307.94303833457,,0.0,0.0,0.0004,,ETH-24DEC23-2850-C,,,
87,0.0155,2307.91,521.23,ETH,1703393241974,ETH,0.0,14.0,ETH-5JAN24,2322.0,-14.7059,0.015822,3359.0,0.016,0.015,ETH-5JAN24-2200-P,0.0145,0.0145,0.017
88,,2307.91,0.0,ETH,1703393241974,ETH,0.0,0.0,ETH-26JAN24,2342.59,,5.5e-05,530.0,0.0002,,ETH-26JAN24-600-P,0.0001,,
89,,2307.91,0.0,ETH,1703393241974,ETH,0.0,0.0,SYN.ETH-24DEC23,2307.94303833457,,0.155092,0.0,,,ETH-24DEC23-1950-C,,,
90,0.0075,2307.91,6654.67,ETH,1703393241974,ETH,0.0,192.0,SYN.ETH-24DEC23,2307.94303833457,-71.4286,0.00779,342.0,0.009,0.006,ETH-24DEC23-2325-P,0.005,0.0049,0.0175
91,0.15425,2307.91,0.0,ETH,1703393241974,ETH,0.0,0.0,ETH-29MAR24,2388.45,,0.154399,1861.0,0.1565,0.152,ETH-29MAR24-2500-P,0.152,,
92,0.046,2307.91,0.0,ETH,1703393241974,ETH,0.0,0.0,SYN.ETH-25DEC23,2309.2364306676554,,0.050926,0.0,0.062,0.03,ETH-25DEC23-2425-P,,,
93,,2307.91,0.0,ETH,1703393241974,ETH,0.0,0.0,ETH-5JAN24,2322.0,,0.636741,0.0,,,ETH-5JAN24-3800-P,,,
94,0.01575,2307.91,0.0,ETH,1703393241974,ETH,0.0,0.0,ETH-29MAR24,2388.45,,0.016062,7869.0,0.0165,0.015,ETH-29MAR24-1600-P,0.0165,,
95,0.059,2307.91,6890.61,ETH,1703393241974,ETH,0.0,50.0,ETH-28JUN24,2442.14,0.0,0.059213,3881.0,0.061,0.057,ETH-28JUN24-1800-P,0.06,0.06,0.06
96,0.054,2307.91,0.0,ETH,1703393241974,ETH,0.0,0.0,ETH-27SEP24,2483.08,,0.053958,2509.0,0.0565,0.0515,ETH-27SEP24-5000-C,0.053,,
97,,2307.91,0.0,ETH,1703393241974,ETH,0.0,0.0,SYN.ETH-26DEC23,2310.5298230007415,,0.156042,0.0,,,ETH-26DEC23-1950-C,,,
98,,2307.91,0.0,ETH,1703393241974,ETH,0.0,0.0,SYN.ETH-25DEC23,2309.2364306676554,,0.069093,0.0,,,ETH-25DEC23-2150-C,,,
99,,2307.91,0.0,ETH,1703393241974,ETH,0.0,0.0,SYN.ETH-25DEC23,2309.2364306676554,,0.19087,0.0,,,ETH-25DEC23-2750-P,,,
100,0.0033,2307.91,0.0,ETH,1703393241974,ETH,0.0,0.0,ETH-29MAR24,2388.45,,0.003246,3936.0,0.0038,0.0028,ETH-29MAR24-6500-C,0.0035,,
101,0.2715,2307.91,0.0,ETH,1703393241974,ETH,0.0,0.0,ETH-27SEP24,2483.08,,0.271703,0.0,0.2825,0.2605,ETH-27SEP24-2700-P,,,
102,0.02725,2307.91,11781.38,ETH,1703393241974,ETH,0.0,179.0,ETH-26JAN24,2342.45,-5.0847,0.027269,7030.0,0.0275,0.027,ETH-26JAN24-2100-P,0.028,0.028,0.0295
103,0.17075,2307.91,32036.98,ETH,1703393241974,ETH,0.0,85.0,ETH-28JUN24,2442.14,0.0,0.170284,9095.0,0.171,0.1705,ETH-28JUN24-2500-C,0.1645,0.1645,0.1645
104,,2307.91,0.0,ETH,1703393241974,ETH,0.0,0.0,ETH-27SEP24,2483.08,,0.300004,0.0,,,ETH-27SEP24-2800-P,,,
105,0.0009,2307.91,541.37,ETH,1703393241974,ETH,0.0,201.0,ETH-29DEC23,2314.56,-16.6667,0.00091,33070.0,0.0011,0.0007,ETH-29DEC23-2000-P,0.001,0.001,0.0014
106,0.00095,2307.91,0.0,ETH,1703393241974,ETH,0.0,0.0,ETH-29MAR24,2388.45,,0.000839,2644.0,0.0015,0.0004,ETH-29MAR24-800-P,0.001,,
107,,2307.91,0.0,ETH,1703393241974,ETH,0.0,0.0,ETH-5JAN24,2322.0,,0.128118,0.0,,,ETH-5JAN24-2600-P,,,
108,,2307.91,0.0,ETH,1703393241974,ETH,0.0,0.0,SYN.ETH-26DEC23,2310.5298230007415,,0.032515,0.0,,0.009,ETH-26DEC23-2375-P,,,
109,0.111,2307.91,0.0,ETH,1703393241974,ETH,0.0,0.0,ETH-27SEP24,2483.08,,0.111102,884.0,0.114,0.108,ETH-27SEP24-2000-P,0.1105,,
110,,2307.91,0.0,ETH,1703393241974,ETH,0.0,0.0,SYN.ETH-23FEB24,2362.8322222222223,,0.950776,0.0,,,ETH-23FEB24-4600-P,,,
111,,2307.91,0.0,ETH,1703393241974,ETH,0.0,0.0,SYN.ETH-23FEB24,2362.8322222222223,,0.575967,0.0,,,ETH-23FEB24-3700-P,,,
112,,2307.91,0.0,ETH,1703393241974,ETH,0.0,0.0,SYN.ETH-23FEB24,2362.8322222222223,,0.783432,0.0,,,ETH-23FEB24-4200-P,,,
113,,2307.91,0.0,ETH,1703393241974,ETH,0.0,0.0,SYN.ETH-12JAN24,2328.81,,0.271596,0.0,,,ETH-12JAN24-1700-C,,,
114,,2307.91,0.0,ETH,1703393241974,ETH,0.0,0.0,ETH-26JAN24,2342.59,,0.65864,0.0,,,ETH-26JAN24-800-C,,,
115,0.0009,2307.91,22.97,ETH,1703393241974,ETH,0.0,10.0,ETH-5JAN24,2322.0,0.0,0.000835,465.0,0.0011,0.0007,ETH-5JAN24-3200-C,0.001,0.001,0.001
116,0.00055,2307.91,0.69,ETH,1703393241974,ETH,0.0,1.0,ETH-29MAR24,2388.45,0.0,0.000512,2004.0,0.0008,0.0003,ETH-29MAR24-400-P,0.0003,0.0003,0.0003
117,,2307.91,0.0,ETH,1703393241974,ETH,0.0,0.0,SYN.ETH-24DEC23,2307.94303833457,,0.126544,0.0,,,ETH-24DEC23-2600-P,,,
118,0.00725,2307.91,1480.45,ETH,1703393241974,ETH,0.0,84.0,ETH-5JAN24,2322.0,-13.3333,0.00736,22521.0,0.0075,0.007,ETH-5JAN24-2100-P,0.0065,0.0065,0.0085
119,,2307.91,0.0,ETH,1703393241974,ETH,0.0,0.0,ETH-28JUN24,2442.14,,0.415173,1422.0,,0.0001,ETH-28JUN24-1500-C,0.3955,,
120,,2307.91,0.0,ETH,1703393241974,ETH,0.0,0.0,ETH-5JAN24,2322.0,,0.722908,0.0,,,ETH-5JAN24-4000-P,,,
121,0.16325,2307.91,9474.58,ETH,1703393241974,ETH,0.0,26.0,ETH-29MAR24,2388.45,0.0,0.163432,8100.0,0.1705,0.156,ETH-29MAR24-2200-C,0.159,0.159,0.159
122,,2307.91,0.0,ETH,1703393241974,ETH,0.0,0.0,ETH-29DEC23,2314.56,,1.808492,0.0,,,ETH-29DEC23-6500-P,,,
123,,2307.91,0.0,ETH,1703393241974,ETH,0.0,0.0,ETH-27SEP24,2483.08,,0.761341,0.0,,,ETH-27SEP24-600-C,,,
124,0.0165,2307.91,1158.99,ETH,1703393241974,ETH,0.0,33.0,ETH-26JAN24,2342.59,10.3448,0.016462,7490.0,0.017,0.016,ETH-26JAN24-2900-C,0.016,0.0145,0.017
125,0.0041,2307.91,0.0,ETH,1703393241974,ETH,0.0,0.0,SYN.ETH-23FEB24,2362.8322222222223,,0.00396,534.0,0.0045,0.0037,ETH-23FEB24-4600-C,0.0035,,
126,0.0009,2307.91,455.02,ETH,1703393241974,ETH,0.0,98.0,SYN.ETH-25DEC23,2309.2364306676554,-84.6154,0.000904,135.0,0.0011,0.0007,ETH-25DEC23-2250-P,0.0006,0.0005,0.0039
127,0.0385,2307.91,46711.64,ETH,1703393241974,ETH,0.0,527.0,ETH-29DEC23,2314.56,22.0588,0.038804,2080.0,0.0405,0.0365,ETH-29DEC23-2250-C,0.0415,0.033,0.042
128,0.0185,2307.91,796.16,ETH,1703393241974,ETH,0.0,25.0,ETH-5JAN24,2322.0,0.0,0.018359,24774.0,0.019,0.018,ETH-5JAN24-2450-C,0.014,0.014,0.014
129,0.0445,2307.91,1381.7,ETH,1703393241974,ETH,0.0,15.0,ETH-5JAN24,2322.0,1.2658,0.044162,536.0,0.0455,0.0435,ETH-5JAN24-2350-P,0.04,0.0395,0.04
130,,2307.91,0.0,ETH,1703393241974,ETH,0.0,0.0,SYN.ETH-25DEC23,2309.2364306676554,,0.0,0.0,0.0004,,ETH-25DEC23-3050-C,,,
131,,2307.91,0.0,ETH,1703393241974,ETH,0.0,0.0,ETH-26JAN24,2342.59,,0.278901,692.0,,,ETH-26JAN24-1700-C,0.272,,
132,0.061,2307.91,38327.85,ETH,1703393241974,ETH,0.0,281.0,ETH-26JAN24,2342.59,11.8182,0.060947,62487.0,0.0615,0.0605,ETH-26JAN24-2400-C,0.0615,0.055,0.063
133,0.01325,2307.91,525.2,ETH,1703393241974,ETH,0.0,20.0,SYN.ETH-23FEB24,2362.8322222222223,0.0,0.013056,2190.0,0.014,0.0125,ETH-23FEB24-3500-C,0.0115,0.0115,0.0115
134,,2307.91,0.0,ETH,1703393241974,ETH,0.0,0.0,ETH-27SEP24,2483.08,,0.422333,90.0,,,ETH-27SEP24-3200-P,0.505,,
135,,2307.91,0.0,ETH,1703393241974,ETH,0.0,0.0,ETH-29MAR24,2388.45,,0.242693,1266.0,,,ETH-29MAR24-2800-P,0.3653,,
136,0.00265,2307.91,291.6,ETH,1703393241974,ETH,0.0,53.0,ETH-26JAN24,2342.45,0.0,0.002692,6013.0,0.0029,0.0024,ETH-26JAN24-4000-C,0.0024,0.0024,0.0024
137,,2307.91,0.0,ETH,1703393241974,ETH,0.0,0.0,ETH-5JAN24,2322.0,,0.311412,0.0,,,ETH-5JAN24-1600-C,,,
138,,2307.91,0.0,ETH,1703393241974,ETH,0.0,0.0,ETH-26JAN24,2342.59,,0.320238,25.0,,,ETH-26JAN24-1600-C,0.305,,
139,,2307.91,0.0,ETH,1703393241974,ETH,0.0,0.0,ETH-29MAR24,2388.45,,0.916277,596.0,,,ETH-29MAR24-200-C,0.872,,
140,,2307.91,0.0,ETH,1703393241974,ETH,0.0,0.0,ETH-5JAN24,2322.0,,0.808978,0.0,,,ETH-5JAN24-4200-P,,,
141,,2307.91,0.0,ETH,1703393241974,ETH,0.0,0.0,SYN.ETH-25DEC23,2309.2364306676554,,6e-06,108.0,0.0004,,ETH-25DEC23-2050-P,0.0003,,
142,,2307.91,0.0,ETH,1703393241974,ETH,0.0,0.0,ETH-5JAN24,2322.0,,0.379022,0.0,,,ETH-5JAN24-3200-P,,,
143,,2307.91,0.0,ETH,1703393241974,ETH,0.0,0.0,ETH-5JAN24,2322.0,,0.89513,0.0,,,ETH-5JAN24-4400-P,,,
144,,2307.91,0.0,ETH,1703393241974,ETH,0.0,0.0,ETH-26JAN24,2342.59,,0.254488,5.0,,,ETH-26JAN24-2900-P,0.2745,,
145,0.21825,2307.91,0.0,ETH,1703393241974,ETH,0.0,0.0,ETH-27SEP24,2483.08,,0.220263,32.0,0.221,0.2155,ETH-27SEP24-2500-P,0.2325,,
146,,2307.91,0.0,ETH,1703393241974,ETH,0.0,0.0,SYN.ETH-12JAN24,2328.81,,0.085758,9.0,,0.0005,ETH-12JAN24-2450-P,0.082,,
147,0.08475,2307.91,398.63,ETH,1703393241974,ETH,0.0,2.0,ETH-29MAR24,2388.45,0.0,0.084624,3034.0,0.086,0.0835,ETH-29MAR24-2200-P,0.087,0.087,0.087
148,,2307.91,0.0,ETH,1703393241974,ETH,0.0,0.0,ETH-5JAN24,2322.0,,0.354497,0.0,,,ETH-5JAN24-1500-C,,,
149,0.056,2307.91,66180.67,ETH,1703393241974,ETH,0.0,575.0,ETH-29DEC23,2314.56,2.0408,0.05526,76909.0,0.0595,0.0525,ETH-29DEC23-2200-C,0.05,0.0475,0.051
150,,2307.91,0.0,ETH,1703393241974,ETH,0.0,0.0,ETH-26JAN24,2342.59,,0.48852,0.0,,,ETH-26JAN24-1200-C,,,
151,,2307.91,0.0,ETH,1703393241974,ETH,0.0,0.0,SYN.ETH-24DEC23,2307.94303833457,,0.0,144.0,0.0001,,ETH-24DEC23-2600-C,0.0001,,
152,0.12325,2307.91,0.0,ETH,1703393241974,ETH,0.0,0.0,ETH-28JUN24,2442.14,,0.123551,483.0,0.126,0.1205,ETH-28JUN24-2200-P,0.123,,
153,0.0435,2307.91,295.09,ETH,1703393241974,ETH,0.0,2.0,SYN.ETH-12JAN24,2328.81,0.0,0.070189,1440.0,0.0865,0.0005,ETH-12JAN24-2250-C,0.0645,0.0645,0.0645
154,0.00575,2307.91,3863.12,ETH,1703393241974,ETH,0.0,211.0,SYN.ETH-25DEC23,2309.2364306676554,-60.0,0.005916,528.0,0.006,0.0055,ETH-25DEC23-2300-P,0.0046,0.0046,0.0115
155,0.05925,2307.91,229971.15,ETH,1703393241974,ETH,0.0,1841.0,SYN.ETH-12JAN24,2328.81,16.0377,0.058757,2441.0,0.0605,0.058,ETH-12JAN24-2300-C,0.0615,0.053,0.0615
156,0.00255,2307.91,137.99,ETH,1703393241974,ETH,0.0,27.0,ETH-5JAN24,2322.0,33.3333,0.002428,612.0,0.0028,0.0023,ETH-5JAN24-2900-C,0.0028,0.0019,0.0028
157,,2307.91,0.0,ETH,1703393241974,ETH,0.0,0.0,SYN.ETH-26DEC23,2310.5298230007415,,0.038854,0.0,,0.018,ETH-26DEC23-2225-C,,,
158,0.0635,2307.91,4311.08,ETH,1703393241974,ETH,0.0,30.0,SYN.ETH-23FEB24,2362.8322222222223,1.6,0.063287,2800.0,0.0645,0.0625,ETH-23FEB24-2200-P,0.0635,0.062,0.0635
159,,2307.91,0.0,ETH,1703393241974,ETH,0.0,0.0,SYN.ETH-23FEB24,2362.8322222222223,,0.414363,0.0,,,ETH-23FEB24-3300-P,,,
160,0.09575,2307.91,3107.36,ETH,1703393241974,ETH,0.0,15.0,ETH-29DEC23,2314.56,12.7778,0.094601,38383.0,0.101,0.0905,ETH-29DEC23-2100-C,0.1015,0.087,0.1015
161,0.03225,2307.91,4183.08,ETH,1703393241974,ETH,0.0,52.0,ETH-29DEC23,2314.56,-15.0,0.03232,355.0,0.033,0.0315,ETH-29DEC23-2350-P,0.034,0.033,0.04
162,,2307.91,0.0,ETH,1703393241974,ETH,0.0,0.0,SYN.ETH-12JAN24,2328.81,,0.484882,0.0,,,ETH-12JAN24-1200-C,,,
163,0.018,2307.91,1506.99,ETH,1703393241974,ETH,0.0,49.0,SYN.ETH-24DEC23,2307.94303833457,25.0,0.018392,27.0,0.0195,0.0165,ETH-24DEC23-2350-P,0.015,0.011,0.0155
164,,2307.91,202059.61,ETH,1703393241974,ETH,0.0,900.0,ETH-26JAN24,2342.59,3.5714,0.102497,20085.0,0.118,,ETH-26JAN24-2200-C,0.1015,0.097,0.1015
165,0.0805,2307.91,0.0,ETH,1703393241974,ETH,0.0,0.0,ETH-27SEP24,2483.08,,0.080428,979.0,0.0825,0.0785,ETH-27SEP24-1800-P,0.087,,
166,0.00325,2307.91,44.34,ETH,1703393241974,ETH,0.0,6.0,ETH-26JAN24,2342.59,29.6296,0.003313,6821.0,0.0035,0.003,ETH-26JAN24-3800-C,0.0035,0.0027,0.0035
167,,2307.91,0.0,ETH,1703393241974,ETH,0.0,0.0,ETH-28JUN24,2442.14,,0.675502,120.0,,0.0001,ETH-28JUN24-800-C,0.5455,,
168,,2307.91,0.0,ETH,1703393241974,ETH,0.0,0.0,SYN.ETH-26DEC23,2310.5298230007415,,0.298404,0.0,,,ETH-26DEC23-3000-P,,,
169,,2307.91,259.12,ETH,1703393241975,ETH,0.0,5.0,SYN.ETH-25DEC23,2309.2364306676554,0.0,0.020577,13.0,,0.0005,ETH-25DEC23-2350-P,0.0225,0.0225,0.0225
170,,2307.91,0.0,ETH,1703393241975,ETH,0.0,0.0,ETH-29MAR24,2388.45,,0.309651,478.0,,,ETH-29MAR24-3000-P,0.313,,
171,0.00015,2307.91,0.0,ETH,1703393241975,ETH,0.0,0.0,ETH-5JAN24,2322.0,,0.000122,141.0,0.0002,0.0001,ETH-5JAN24-4400-C,0.0001,,
172,,2307.91,0.0,ETH,1703393241975,ETH,0.0,0.0,ETH-5JAN24,2322.0,,0.268349,1.0,,,ETH-5JAN24-1700-C,0.2353,,
173,,2307.91,0.0,ETH,1703393241975,ETH,0.0,0.0,ETH-29MAR24,2388.45,,0.583152,509.0,,,ETH-29MAR24-1000-C,0.53,,
174,0.04175,2307.91,1401.03,ETH,1703393241975,ETH,0.0,14.0,ETH-26JAN24,2342.59,-3.4091,0.041688,16158.0,0.042,0.0415,ETH-26JAN24-2200-P,0.0425,0.0425,0.044
175,0.0165,2307.91,0.0,ETH,1703393241975,ETH,0.0,0.0,SYN.ETH-23FEB24,2362.8322222222223,,0.016317,4739.0,0.017,0.016,ETH-23FEB24-1800-P,0.016,,
176,0.112,2307.91,14317.93,ETH,1703393241975,ETH,0.0,53.0,ETH-27SEP24,2483.08,-7.5949,0.112041,1715.0,0.115,0.109,ETH-27SEP24-3500-C,0.1095,0.1065,0.1185
177,0.0195,2307.91,2903.96,ETH,1703393241975,ETH,0.0,61.0,SYN.ETH-12JAN24,2328.81,28.125,0.019336,8491.0,0.02,0.019,ETH-12JAN24-2600-C,0.0205,0.016,0.021
178,,2307.91,0.0,ETH,1703393241975,ETH,0.0,0.0,SYN.ETH-23FEB24,2362.8322222222223,,0.454179,0.0,,,ETH-23FEB24-3400-P,,,
179,,2307.91,0.0,ETH,1703393241975,ETH,0.0,0.0,SYN.ETH-25DEC23,2309.2364306676554,,0.090667,0.0,,,ETH-25DEC23-2100-C,,,
180,,2307.91,0.0,ETH,1703393241975,ETH,0.0,0.0,SYN.ETH-25DEC23,2309.2364306676554,,0.299131,0.0,,,ETH-25DEC23-3000-P,,,
181,0.18425,2307.91,0.0,ETH,1703393241975,ETH,0.0,0.0,ETH-27SEP24,2483.08,,0.184344,51.0,0.1875,0.181,ETH-27SEP24-2700-C,0.1755,,
182,0.0034,2307.91,0.0,ETH,1703393241975,ETH,0.0,0.0,SYN.ETH-23FEB24,2362.8322222222223,,0.00334,295.0,0.0038,0.003,ETH-23FEB24-4800-C,0.003,,
183,,2307.91,0.0,ETH,1703393241975,ETH,0.0,0.0,SYN.ETH-26DEC23,2310.5298230007415,,0.147094,0.0,,,ETH-26DEC23-2650-P,,,
184,,2307.91,0.0,ETH,1703393241975,ETH,0.0,0.0,ETH-26JAN24,2342.59,,0.41554,0.0,,,ETH-26JAN24-3300-P,,,
185,0.0095,2307.91,1994.49,ETH,1703393241975,ETH,0.0,86.0,SYN.ETH-12JAN24,2328.81,31.25,0.009721,10758.0,0.01,0.009,ETH-12JAN24-2800-C,0.0105,0.0075,0.0105
186,0.01175,2307.91,380.08,ETH,1703393241975,ETH,0.0,17.0,SYN.ETH-25DEC23,2309.2364306676554,-17.3913,0.012237,526.0,0.0125,0.011,ETH-25DEC23-2325-P,0.0095,0.0085,0.0115
187,0.08575,2307.91,9744.61,ETH,1703393241975,ETH,0.0,50.0,ETH-27SEP24,2483.22,0.0,0.085632,2452.0,0.0885,0.083,ETH-27SEP24-4000-C,0.085,0.085,0.085
188,0.02925,2307.91,7685.54,ETH,1703393241975,ETH,0.0,122.0,SYN.ETH-25DEC23,2309.2364306676554,-27.1605,0.030201,50.0,0.0305,0.028,ETH-25DEC23-2375-P,0.0295,0.024,0.0405
189,0.01025,2307.91,2046.6,ETH,1703393241975,ETH,0.0,115.0,SYN.ETH-25DEC23,2309.2364306676554,78.5714,0.009916,633.0,0.011,0.0095,ETH-25DEC23-2300-C,0.0125,0.0065,0.0155
190,0.0002,2307.91,0.0,ETH,1703393241975,ETH,0.0,0.0,SYN.ETH-26DEC23,2310.5298230007415,,0.000171,0.0,0.0003,0.0001,ETH-26DEC23-2650-C,,,
191,,2307.91,0.23,ETH,1703393241975,ETH,0.0,1.0,SYN.ETH-25DEC23,2309.2364306676554,0.0,1e-06,1.0,0.0004,,ETH-25DEC23-2750-C,0.0001,0.0001,0.0001
192,0.05175,2307.91,124.74,ETH,1703393241975,ETH,0.0,1.0,ETH-29MAR24,2388.45,0.0,0.051776,5111.0,0.053,0.0505,ETH-29MAR24-2000-P,0.0545,0.0545,0.0545
193,0.16725,2307.91,0.0,ETH,1703393241975,ETH,0.0,0.0,ETH-29DEC23,2314.56,,0.167882,0.0,0.175,0.1595,ETH-29DEC23-2700-P,,,
194,,2307.91,0.0,ETH,1703393241975,ETH,0.0,0.0,ETH-26JAN24,2342.59,,0.573545,0.0,,,ETH-26JAN24-1000-C,,,
195,,2307.91,0.0,ETH,1703393241975,ETH,0.0,0.0,SYN.ETH-26DEC23,2310.5298230007415,,8e-05,0.0,0.0002,,ETH-26DEC23-2700-C,,,
196,0.001,2307.91,0.0,ETH,1703393241975,ETH,0.0,0.0,SYN.ETH-23FEB24,2362.8322222222223,,0.001103,445.0,0.0012,0.0008,ETH-23FEB24-1100-P,0.0014,,
197,,2307.91,0.0,ETH,1703393241975,ETH,0.0,0.0,SYN.ETH-26DEC23,2310.5298230007415,,0.091473,0.0,,,ETH-26DEC23-2100-C,,,
198,0.01075,2307.91,0.0,ETH,1703393241975,ETH,0.0,0.0,ETH-29MAR24,2388.45,,0.010722,7508.0,0.0115,0.01,ETH-29MAR24-4500-C,0.012,,
199,,2307.91,0.0,ETH,1703393241975,ETH,0.0,0.0,SYN.ETH-26DEC23,2310.5298230007415,,0.190232,0.0,,,ETH-26DEC23-2750-P,,,
200,,2307.91,0.0,ETH,1703393241975,ETH,0.0,0.0,SYN.ETH-24DEC23,2307.94303833457,,0.07239,0.0,,,ETH-24DEC23-2475-P,,,
201,,2307.91,0.0,ETH,1703393241975,ETH,0.0,0.0,SYN.ETH-24DEC23,2307.94303833457,,0.083217,0.0,,,ETH-24DEC23-2500-P,,,
202,,2307.91,0.0,ETH,1703393241975,ETH,0.0,0.0,SYN.ETH-12JAN24,2328.81,,0.083321,195.0,,0.0005,ETH-12JAN24-2200-C,0.0785,,
203,0.00725,2307.91,0.0,ETH,1703393241975,ETH,0.0,0.0,ETH-28JUN24,2442.14,,0.007105,2873.0,0.008,0.0065,ETH-28JUN24-1000-P,0.007,,
204,0.04325,2307.91,0.0,ETH,1703393241975,ETH,0.0,0.0,SYN.ETH-25DEC23,2309.2364306676554,,0.047567,0.0,0.0595,0.027,ETH-25DEC23-2200-C,,,
205,,2307.91,0.0,ETH,1703393241975,ETH,0.0,0.0,SYN.ETH-26DEC23,2310.5298230007415,,0.233486,0.0,,,ETH-26DEC23-2850-P,,,
206,0.0026,2307.91,503.52,ETH,1703393241975,ETH,0.0,70.0,SYN.ETH-12JAN24,2328.81,3.5714,0.002586,881.0,0.0028,0.0024,ETH-12JAN24-1800-P,0.0029,0.0028,0.0035
207,0.415,2307.91,551.88,ETH,1703393241975,ETH,0.0,1.0,ETH-27SEP24,2483.08,0.0,0.244971,179.0,0.6,0.23,ETH-27SEP24-2300-C,0.2406,0.2406,0.2406
208,,2307.91,0.0,ETH,1703393241975,ETH,0.0,0.0,ETH-29MAR24,2388.45,,0.749534,953.0,,,ETH-29MAR24-600-C,0.629,,
209,,2307.91,0.0,ETH,1703393241975,ETH,0.0,0.0,SYN.ETH-12JAN24,2328.81,,0.09782,37.0,,,ETH-12JAN24-2150-C,0.064,,
210,0.02625,2307.91,0.0,ETH,1703393241975,ETH,0.0,0.0,ETH-28JUN24,2442.14,,0.026094,15634.0,0.028,0.0245,ETH-28JUN24-5000-C,0.0235,,
211,,2307.91,3.66,ETH,1703393241975,ETH,0.0,16.0,SYN.ETH-25DEC23,2309.2364306676554,0.0,0.000102,19.0,0.0002,,ETH-25DEC23-2525-C,0.0001,0.0001,0.0001
212,,2307.91,0.0,ETH,1703393241975,ETH,0.0,0.0,ETH-27SEP24,2483.08,,0.359536,55.0,,,ETH-27SEP24-3000-P,0.5025,,
213,0.1335,2307.91,0.0,ETH,1703393241975,ETH,0.0,0.0,ETH-27SEP24,2483.08,,0.133611,370.0,0.1365,0.1305,ETH-27SEP24-3200-C,0.133,,
214,,2307.91,0.0,ETH,1703393241975,ETH,0.0,0.0,SYN.ETH-24DEC23,2307.94303833457,,0.025108,240.0,,0.006,ETH-24DEC23-2250-C,0.012,,
215,,2307.91,0.0,ETH,1703393241975,ETH,0.0,0.0,SYN.ETH-24DEC23,2307.94303833457,,0.0,1.0,0.0004,,ETH-24DEC23-2650-C,0.0001,,
216,,2307.91,0.0,ETH,1703393241975,ETH,0.0,0.0,SYN.ETH-23FEB24,2362.8322222222223,,0.298913,0.0,,,ETH-23FEB24-3000-P,,,
217,0.24775,2307.91,9508.37,ETH,1703393241975,ETH,0.0,15.0,ETH-28JUN24,2442.14,0.0,0.268233,5517.0,0.288,0.2075,ETH-28JUN24-2000-C,0.275,0.275,0.275
218,0.0033,2307.91,603.83,ETH,1703393241975,ETH,0.0,84.0,ETH-26JAN24,2342.59,0.0,0.003287,26081.0,0.0035,0.0031,ETH-26JAN24-1600-P,0.003,0.003,0.0033
219,0.00015,2307.91,171.5,ETH,1703393241975,ETH,0.0,253.0,SYN.ETH-24DEC23,2307.94303833457,-75.0,0.000106,2345.0,0.0002,0.0001,ETH-24DEC23-2400-C,0.0001,0.0001,0.0005
220,0.0355,2307.91,0.0,ETH,1703393241975,ETH,0.0,0.0,SYN.ETH-25DEC23,2309.2364306676554,,0.040442,4.0,0.0495,0.0215,ETH-25DEC23-2400-P,0.045,,
221,0.0002,2307.91,1877.53,ETH,1703393241975,ETH,0.0,860.0,SYN.ETH-24DEC23,2307.94303833457,-63.6364,0.00017,1827.0,0.0003,0.0001,ETH-24DEC23-2350-C,0.0004,0.0004,0.0014
222,0.00225,2307.91,24.04,ETH,1703393241975,ETH,0.0,4.0,ETH-26JAN24,2342.59,0.0,0.00229,10997.0,0.0025,0.002,ETH-26JAN24-4200-C,0.0026,0.0026,0.0026
223,0.0018,2307.91,0.0,ETH,1703393241975,ETH,0.0,0.0,ETH-29MAR24,2388.45,,0.001876,8069.0,0.0019,0.0017,ETH-29MAR24-1000-P,0.0027,,
224,,2307.91,0.0,ETH,1703393241975,ETH,0.0,0.0,SYN.ETH-26DEC23,2310.5298230007415,,1e-06,0.0,0.0005,,ETH-26DEC23-2900-C,,,
225,0.0013,2307.91,1924.67,ETH,1703393241975,ETH,0.0,525.0,ETH-29DEC23,2314.56,70.0,0.001278,11938.0,0.0015,0.0011,ETH-29DEC23-2700-C,0.0017,0.001,0.002
226,0.00575,2307.91,0.0,ETH,1703393241975,ETH,0.0,0.0,ETH-26JAN24,2342.59,,0.005783,4520.0,0.006,0.0055,ETH-26JAN24-3400-C,0.0065,,
227,,2307.91,0.0,ETH,1703393241975,ETH,0.0,0.0,SYN.ETH-24DEC23,2307.94303833457,,0.039993,0.0,,0.019,ETH-24DEC23-2400-P,,,
228,0.01525,2307.91,3270.33,ETH,1703393241975,ETH,0.0,87.0,SYN.ETH-12JAN24,2328.81,-8.8235,0.01544,2156.0,0.0155,0.015,ETH-12JAN24-2100-P,0.0155,0.0155,0.017
229,0.014,2307.91,5980.96,ETH,1703393241975,ETH,0.0,225.0,ETH-5JAN24,2322.0,13.0435,0.013945,18419.0,0.0145,0.0135,ETH-5JAN24-2500-C,0.013,0.011,0.0135
230,0.03775,2307.91,85.87,ETH,1703393241975,ETH,0.0,1.0,ETH-28JUN24,2442.14,0.0,0.037837,3780.0,0.0395,0.036,ETH-28JUN24-1600-P,0.0375,0.0375,0.0375
231,,2307.91,46.86,ETH,1703393241975,ETH,0.0,205.0,ETH-29DEC23,2314.56,0.0,6e-05,26735.0,0.0001,,ETH-29DEC23-1300-P,0.0001,0.0001,0.0001
232,,2307.91,0.0,ETH,1703393241975,ETH,0.0,0.0,SYN.ETH-23FEB24,2362.8322222222223,,0.29171,0.0,,,ETH-23FEB24-1700-C,,,
233,,2307.91,0.0,ETH,1703393241975,ETH,0.0,0.0,SYN.ETH-12JAN24,2328.81,,0.101472,0.0,,,ETH-12JAN24-2500-P,,,
234,,2307.91,0.0,ETH,1703393241975,ETH,0.0,0.0,SYN.ETH-24DEC23,2307.94303833457,,0.111763,0.0,,,ETH-24DEC23-2050-C,,,
235,,2307.91,0.0,ETH,1703393241975,ETH,0.0,0.0,ETH-29DEC23,2314.56,,1.16039,0.0,,,ETH-29DEC23-5000-P,2.5,,
236,0.06725,2307.91,0.0,ETH,1703393241975,ETH,0.0,0.0,ETH-27SEP24,2483.08,,0.067189,1012.0,0.0695,0.065,ETH-27SEP24-4500-C,0.07,,
237,,2307.91,1090.99,ETH,1703393241975,ETH,0.0,10.0,ETH-5JAN24,2322.0,-1.0417,0.053838,2295.0,,0.0005,ETH-5JAN24-2250-C,0.0475,0.0475,0.048
238,0.03575,2307.91,0.0,ETH,1703393241975,ETH,0.0,0.0,ETH-27SEP24,2483.08,,0.035668,763.0,0.038,0.0335,ETH-27SEP24-1400-P,0.0345,,
239,,2307.91,0.0,ETH,1703393241975,ETH,0.0,0.0,SYN.ETH-24DEC23,2307.94303833457,,0.213202,0.0,,,ETH-24DEC23-2800-P,,,
240,0.19775,2307.91,0.0,ETH,1703393241975,ETH,0.0,0.0,ETH-28JUN24,2442.14,,0.202745,8644.0,0.23,0.1655,ETH-28JUN24-2300-C,0.1735,,
241,,2307.91,0.0,ETH,1703393241975,ETH,0.0,0.0,SYN.ETH-26DEC23,2310.5298230007415,,0.09353,0.0,,,ETH-26DEC23-2525-P,,,
242,,2307.91,0.0,ETH,1703393241975,ETH,0.0,0.0,SYN.ETH-25DEC23,2309.2364306676554,,0.082751,0.0,,,ETH-25DEC23-2500-P,,,
243,0.10425,2307.91,2556.36,ETH,1703393241975,ETH,0.0,10.0,ETH-28JUN24,2442.14,0.0,0.104343,528.0,0.107,0.1015,ETH-28JUN24-2100-P,0.1135,0.1135,0.1135
244,0.2405,2307.91,567.92,ETH,1703393241975,ETH,0.0,1.0,ETH-27SEP24,2483.08,0.0,0.24453,32.0,0.2465,0.2345,ETH-27SEP24-2600-P,0.2485,0.2485,0.2485
245,0.0023,2307.91,53.87,ETH,1703393241975,ETH,0.0,15.0,SYN.ETH-26DEC23,2310.5298230007415,54.5455,0.002243,11.0,0.0026,0.002,ETH-26DEC23-2425-C,0.0017,0.0011,0.0023
246,0.0006,2307.91,30.91,ETH,1703393241975,ETH,0.0,22.0,ETH-5JAN24,2322.0,-44.4444,0.000654,128.0,0.0007,0.0005,ETH-5JAN24-1750-P,0.0005,0.0005,0.0009
247,,2307.91,0.0,ETH,1703393241975,ETH,0.0,0.0,SYN.ETH-23FEB24,2362.8322222222223,,0.661943,9.0,,,ETH-23FEB24-800-C,0.6515,,
248,,2307.91,0.0,ETH,1703393241975,ETH,0.0,0.0,SYN.ETH-26DEC23,2310.5298230007415,,0.029564,0.0,,0.018,ETH-26DEC23-2250-C,,,
249,0.006,2307.91,201.89,ETH,1703393241975,ETH,0.0,13.0,SYN.ETH-12JAN24,2328.81,0.0,0.006043,369.0,0.0065,0.0055,ETH-12JAN24-1950-P,0.007,0.0065,0.007
250,0.12525,2307.91,0.0,ETH,1703393241975,ETH,0.0,0.0,ETH-29DEC23,2314.56,,0.125958,878.0,0.1315,0.119,ETH-29DEC23-2600-P,0.1035,,
251,0.003,2307.91,0.0,ETH,1703393241975,ETH,0.0,0.0,ETH-27SEP24,2483.08,,0.002977,1062.0,0.0039,0.0021,ETH-27SEP24-600-P,0.0029,,
252,0.0125,2307.91,0.0,ETH,1703393241975,ETH,0.0,0.0,ETH-27SEP24,2483.08,,0.012627,1219.0,0.014,0.011,ETH-27SEP24-1000-P,0.0115,,
253,,2307.91,0.0,ETH,1703393241975,ETH,0.0,0.0,ETH-29DEC23,2314.56,,0.740785,802.0,,,ETH-29DEC23-600-C,0.6235,,
254,0.0003,2307.91,0.0,ETH,1703393241975,ETH,0.0,0.0,ETH-5JAN24,2322.0,,6.3e-05,0.0,0.0005,0.0001,ETH-5JAN24-1200-P,,,
255,,2307.91,0.0,ETH,1703393241975,ETH,0.0,0.0,ETH-29DEC23,2314.56,,0.0,3546.0,0.0001,,ETH-29DEC23-400-P,0.0001,,
256,,2307.91,391.05,ETH,1703393241975,ETH,0.0,160.0,SYN.ETH-24DEC23,2307.94303833457,-64.7059,2e-06,1225.0,0.0004,,ETH-24DEC23-2250-P,0.0006,0.0006,0.0017
257,,2307.91,0.0,ETH,1703393241975,ETH,0.0,0.0,ETH-5JAN24,2322.0,,0.183496,64.0,,,ETH-5JAN24-1900-C,0.1478,,
258,,2307.91,0.0,ETH,1703393241975,ETH,0.0,0.0,SYN.ETH-26DEC23,2310.5298230007415,,9e-06,0.0,0.0004,,ETH-26DEC23-2800-C,,,
259,,2307.91,0.0,ETH,1703393241975,ETH,0.0,0.0,SYN.ETH-24DEC23,2307.94303833457,,0.0,0.0,0.0004,,ETH-24DEC23-2700-C,,,
260,0.0005,2307.91,62.8,ETH,1703393241975,ETH,0.0,66.0,SYN.ETH-25DEC23,2309.2364306676554,25.0,0.000519,54.0,0.0007,0.0003,ETH-25DEC23-2450-C,0.0005,0.0002,0.0007
261,,2307.91,0.0,ETH,1703393241975,ETH,0.0,0.0,ETH-5JAN24,2322.0,,0.209381,0.0,,,ETH-5JAN24-2800-P,,,
262,0.01725,2307.91,12437.61,ETH,1703393241975,ETH,0.0,295.0,ETH-26JAN24,2342.59,-10.5263,0.017385,15721.0,0.0175,0.017,ETH-26JAN24-2000-P,0.017,0.017,0.019
263,0.00355,2307.91,0.0,ETH,1703393241975,ETH,0.0,0.0,SYN.ETH-23FEB24,2362.8322222222223,,0.003627,818.0,0.0036,0.0035,ETH-23FEB24-1400-P,0.0041,,
264,,2307.91,0.0,ETH,1703393241976,ETH,0.0,0.0,SYN.ETH-24DEC23,2307.94303833457,,0.0,30.0,0.0002,,ETH-24DEC23-1950-P,0.0003,,
265,,2307.91,0.0,ETH,1703393241976,ETH,0.0,0.0,SYN.ETH-24DEC23,2307.94303833457,,0.0,0.0,0.0004,,ETH-24DEC23-2900-C,,,
266,0.14225,2307.91,4041.67,ETH,1703393241976,ETH,0.0,13.0,ETH-29MAR24,2388.45,0.0,0.142156,51338.0,0.144,0.1405,ETH-29MAR24-2300-C,0.136,0.136,0.136
267,,2307.91,3.2,ETH,1703393241976,ETH,0.0,13.0,SYN.ETH-24DEC23,2307.94303833457,-50.0,0.0,177.0,0.0004,,ETH-24DEC23-2150-P,0.0001,0.0001,0.0002
268,,2307.91,0.0,ETH,1703393241976,ETH,0.0,0.0,ETH-29MAR24,2388.45,,0.894979,0.0,,0.0003,ETH-29MAR24-4500-P,,,
269,,2307.91,0.0,ETH,1703393241976,ETH,0.0,0.0,ETH-28JUN24,2442.14,,0.505174,0.0,,,ETH-28JUN24-3500-P,,,
270,0.0215,2307.91,4313.56,ETH,1703393241976,ETH,0.0,99.0,ETH-26JAN24,2342.45,13.5135,0.021233,14503.0,0.022,0.021,ETH-26JAN24-2800-C,0.021,0.0185,0.021
271,,2307.91,0.0,ETH,1703393241976,ETH,0.0,0.0,ETH-27SEP24,2483.08,,2.043849,25.0,,,ETH-27SEP24-7500-P,2.0245,,
272,0.00055,2307.91,0.0,ETH,1703393241976,ETH,0.0,0.0,ETH-29MAR24,2388.45,,0.000464,1515.0,0.0009,0.0002,ETH-29MAR24-500-P,0.0005,,
273,,2307.91,0.0,ETH,1703393241976,ETH,0.0,0.0,SYN.ETH-24DEC23,2307.94303833457,,0.04677,3.0,,0.027,ETH-24DEC23-2200-C,0.055,,
274,,2307.91,1884.34,ETH,1703393241976,ETH,0.0,2.0,ETH-29DEC23,2314.56,0.2445,0.395143,1023.0,,,ETH-29DEC23-1400-C,0.41,0.409,0.41
275,,2307.91,0.0,ETH,1703393241976,ETH,0.0,0.0,ETH-27SEP24,2483.08,,1.453208,0.0,,,ETH-27SEP24-6000-P,,,
276,,2307.91,46.13,ETH,1703393241976,ETH,0.0,100.0,SYN.ETH-24DEC23,2307.94303833457,0.0,7e-06,439.0,0.0004,,ETH-24DEC23-2475-C,0.0002,0.0002,0.0002
277,0.00085,2307.91,1.84,ETH,1703393241976,ETH,0.0,1.0,ETH-5JAN24,2322.0,0.0,0.000883,340.0,0.001,0.0007,ETH-5JAN24-1800-P,0.0008,0.0008,0.0008
278,0.00065,2307.91,0.0,ETH,1703393241976,ETH,0.0,0.0,ETH-26JAN24,2342.45,,0.000647,252.0,0.0008,0.0005,ETH-26JAN24-1100-P,0.0006,,
279,0.0002,2307.91,157.06,ETH,1703393241976,ETH,0.0,113.0,SYN.ETH-25DEC23,2309.2364306676554,-80.0,0.000263,194.0,0.0003,0.0001,ETH-25DEC23-2200-P,0.0002,0.0002,0.001
280,0.00545,2307.91,13.71,ETH,1703393241976,ETH,0.0,1.0,SYN.ETH-23FEB24,2362.8322222222223,0.0,0.005323,3922.0,0.006,0.0049,ETH-23FEB24-1500-P,0.006,0.006,0.006
281,,2307.91,0.0,ETH,1703393241976,ETH,0.0,0.0,ETH-28JUN24,2442.14,,0.521304,6.0,,0.0001,ETH-28JUN24-1200-C,0.4905,,
282,0.01075,2307.91,1701.76,ETH,1703393241976,ETH,0.0,66.0,ETH-5JAN24,2322.0,-8.0,0.010836,1809.0,0.011,0.0105,ETH-5JAN24-2150-P,0.0115,0.011,0.0125
283,0.108,2307.91,3415.49,ETH,1703393241976,ETH,0.0,14.0,ETH-29MAR24,2388.45,2.8571,0.10759,22170.0,0.1085,0.1075,ETH-29MAR24-2500-C,0.108,0.105,0.1085
284,,2307.91,0.0,ETH,1703393241976,ETH,0.0,0.0,ETH-29DEC23,2314.56,,1e-05,6486.0,0.0001,,ETH-29DEC23-5500-C,0.0001,,
285,,2307.91,0.0,ETH,1703393241976,ETH,0.0,0.0,ETH-29DEC23,2314.56,,0.481532,847.0,,,ETH-29DEC23-1200-C,0.467,,
286,,2307.91,91.6,ETH,1703393241976,ETH,0.0,3.0,SYN.ETH-25DEC23,2309.2364306676554,-3.5714,0.017145,2.0,,0.0005,ETH-25DEC23-2275-C,0.0135,0.0125,0.014
287,,2307.91,0.0,ETH,1703393241976,ETH,0.0,0.0,ETH-26JAN24,2342.59,,0.199826,4522.0,,,ETH-26JAN24-1900-C,0.1935,,
288,0.03525,2307.91,3939.35,ETH,1703393241976,ETH,0.0,50.0,ETH-28JUN24,2442.14,0.0,0.03511,5124.0,0.037,0.0335,ETH-28JUN24-4500-C,0.0345,0.0345,0.0345
289,,2307.91,0.0,ETH,1703393241976,ETH,0.0,0.0,ETH-26JAN24,2342.59,,0.333663,0.0,,,ETH-26JAN24-3100-P,,,
290,,2307.91,0.0,ETH,1703393241976,ETH,0.0,0.0,SYN.ETH-26DEC23,2310.5298230007415,,0.059242,0.0,,0.0005,ETH-26DEC23-2175-C,,,
291,0.001,2307.91,1.15,ETH,1703393241976,ETH,0.0,1.0,ETH-28JUN24,2442.14,0.0,0.000752,1782.0,0.0015,0.0005,ETH-28JUN24-400-P,0.0005,0.0005,0.0005
292,0.021,2307.91,697.21,ETH,1703393241976,ETH,0.0,14.0,SYN.ETH-23FEB24,2362.8322222222223,0.0,0.020763,4650.0,0.022,0.02,ETH-23FEB24-3200-C,0.0215,0.0215,0.0215
293,0.00275,2307.91,0.0,ETH,1703393241976,ETH,0.0,0.0,ETH-29MAR24,2388.45,,0.002691,3288.0,0.0032,0.0023,ETH-29MAR24-7000-C,0.0036,,
294,,2307.91,0.0,ETH,1703393241976,ETH,0.0,0.0,ETH-27SEP24,2483.08,,1.259202,0.0,,,ETH-27SEP24-5500-P,,,
295,0.067,2307.91,0.0,ETH,1703393241976,ETH,0.0,0.0,ETH-29MAR24,2388.45,,0.066854,2510.0,0.068,0.066,ETH-29MAR24-2100-P,0.0675,,
296,0.0004,2307.91,2.76,ETH,1703393241976,ETH,0.0,2.0,ETH-5JAN24,2322.0,0.0,0.000406,179.0,0.0005,0.0003,ETH-5JAN24-3400-C,0.0006,0.0006,0.0006
297,,2307.91,0.0,ETH,1703393241976,ETH,0.0,0.0,ETH-29DEC23,2314.56,,4e-06,5256.0,0.0001,,ETH-29DEC23-6000-C,0.0001,,
298,,2307.91,0.0,ETH,1703393241976,ETH,0.0,0.0,SYN.ETH-12JAN24,2328.81,,0.149468,250.0,,,ETH-12JAN24-2000-C,0.1526,,
299,0.00035,2307.91,94.48,ETH,1703393241976,ETH,0.0,97.0,ETH-29DEC23,2314.56,0.0,0.000327,31418.0,0.0005,0.0002,ETH-29DEC23-1900-P,0.0004,0.0004,0.0006
300,0.00125,2307.91,0.0,ETH,1703393241976,ETH,0.0,0.0,ETH-5JAN24,2322.0,,0.001294,679.0,0.0014,0.0011,ETH-5JAN24-1850-P,0.0016,,
301,0.00275,2307.91,595.25,ETH,1703393241976,ETH,0.0,100.0,SYN.ETH-23FEB24,2362.8322222222223,0.0,0.002697,1110.0,0.0031,0.0024,ETH-23FEB24-5000-C,0.0026,0.0026,0.0026
302,,2307.91,0.0,ETH,1703393241976,ETH,0.0,0.0,ETH-27SEP24,2483.08,,0.382283,317.0,,0.16,ETH-27SEP24-1700-C,0.3415,,
303,,2307.91,0.0,ETH,1703393241976,ETH,0.0,0.0,SYN.ETH-25DEC23,2309.2364306676554,,0.0,0.0,0.0004,,ETH-25DEC23-3000-C,,,
304,0.22725,2307.91,510.59,ETH,1703393241976,ETH,0.0,1.0,ETH-27SEP24,2483.08,0.0,0.227338,384.0,0.2305,0.224,ETH-27SEP24-2400-C,0.2226,0.2226,0.2226
305,,2307.91,0.0,ETH,1703393241976,ETH,0.0,0.0,SYN.ETH-24DEC23,2307.94303833457,,0.079267,0.0,,,ETH-24DEC23-2125-C,,,
306,,2307.91,0.0,ETH,1703393241976,ETH,0.0,0.0,SYN.ETH-12JAN24,2328.81,,0.399282,0.0,,,ETH-12JAN24-1400-C,,,
307,0.2885,2307.91,0.0,ETH,1703393241976,ETH,0.0,0.0,ETH-27SEP24,2483.22,,0.305651,737.0,0.327,0.25,ETH-27SEP24-2000-C,0.2889,,
308,0.03125,2307.91,0.0,ETH,1703393241976,ETH,0.0,0.0,ETH-27SEP24,2483.08,,0.031242,863.0,0.033,0.0295,ETH-27SEP24-6500-C,0.0265,,
309,0.04175,2307.91,52762.05,ETH,1703393241976,ETH,0.0,619.0,ETH-5JAN24,2322.0,22.973,0.041733,9721.0,0.0425,0.041,ETH-5JAN24-2300-C,0.0455,0.0365,0.0455
310,,2307.91,0.0,ETH,1703393241976,ETH,0.0,0.0,SYN.ETH-23FEB24,2362.8322222222223,,0.867028,0.0,,,ETH-23FEB24-4400-P,,,
311,,2307.91,0.0,ETH,1703393241976,ETH,0.0,0.0,ETH-28JUN24,2442.14,,0.24633,0.0,,,ETH-28JUN24-2700-P,,,
312,,2307.91,0.0,ETH,1703393241976,ETH,0.0,0.0,ETH-27SEP24,2483.08,,0.329321,632.0,,,ETH-27SEP24-1900-C,0.333,,
313,,2307.91,0.0,ETH,1703393241976,ETH,0.0,0.0,ETH-28JUN24,2442.14,,0.79615,0.0,,,ETH-28JUN24-500-C,,,
314,,2307.91,0.0,ETH,1703393241976,ETH,0.0,0.0,SYN.ETH-25DEC23,2309.2364306676554,,3e-06,8.0,0.0004,,ETH-25DEC23-2650-C,0.0003,,
315,,2307.91,0.0,ETH,1703393241976,ETH,0.0,0.0,SYN.ETH-25DEC23,2309.2364306676554,,0.133914,0.0,,,ETH-25DEC23-2000-C,,,
316,,2307.91,0.0,ETH,1703393241976,ETH,0.0,0.0,ETH-27SEP24,2483.08,,0.684551,0.0,,,ETH-27SEP24-800-C,,,
317,,2307.91,0.0,ETH,1703393241976,ETH,0.0,0.0,ETH-27SEP24,2483.08,,0.521581,361.0,,,ETH-27SEP24-3500-P,0.6565,,
318,0.03975,2307.91,2383.65,ETH,1703393241976,ETH,0.0,25.0,ETH-29MAR24,2388.45,2.439,0.039642,8694.0,0.041,0.0385,ETH-29MAR24-1900-P,0.042,0.041,0.042
319,0.15075,2307.91,36203.7,ETH,1703393241976,ETH,0.0,100.0,ETH-26JAN24,2342.59,0.0,0.163574,14253.0,0.18,0.1215,ETH-26JAN24-2000-C,0.158,0.158,0.158
320,,2307.91,0.23,ETH,1703393241976,ETH,0.0,1.0,SYN.ETH-26DEC23,2310.5298230007415,0.0,0.0,1.0,0.0001,,ETH-26DEC23-2950-C,0.0001,0.0001,0.0001
321,,2307.91,0.0,ETH,1703393241976,ETH,0.0,0.0,ETH-29DEC23,2314.56,,0.351976,3939.0,,,ETH-29DEC23-1500-C,0.3545,,
322,0.036,2307.91,29928.21,ETH,1703393241976,ETH,0.0,343.0,SYN.ETH-12JAN24,2328.81,-9.0909,0.036347,973.0,0.0365,0.0355,ETH-12JAN24-2250-P,0.035,0.035,0.0385
323,0.005,2307.91,442.62,ETH,1703393241976,ETH,0.0,38.0,ETH-5JAN24,2322.0,0.0,0.005107,13651.0,0.0055,0.0045,ETH-5JAN24-2050-P,0.005,0.005,0.0055
324,0.0032,2307.91,11633.67,ETH,1703393241976,ETH,0.0,1163.0,ETH-29DEC23,2314.56,-31.7073,0.00324,2890.0,0.0034,0.003,ETH-29DEC23-2150-P,0.0028,0.0028,0.005
325,0.0018,2307.91,7.84,ETH,1703393241976,ETH,0.0,2.0,ETH-5JAN24,2322.0,26.6667,0.001708,345.0,0.002,0.0016,ETH-5JAN24-3000-C,0.0019,0.0015,0.0019
326,0.087,2307.91,10277.46,ETH,1703393241976,ETH,0.0,50.0,ETH-28JUN24,2442.14,0.0,0.08727,2176.0,0.0895,0.0845,ETH-28JUN24-2000-P,0.0895,0.0895,0.0895
327,0.14075,2307.91,0.0,ETH,1703393241976,ETH,0.0,0.0,ETH-28JUN24,2442.14,,0.140629,668.0,0.1435,0.138,ETH-28JUN24-2700-C,0.1425,,
328,,2307.91,0.0,ETH,1703393241976,ETH,0.0,0.0,ETH-29DEC23,2314.56,,3.1e-05,4840.0,0.0001,,ETH-29DEC23-600-P,0.0001,,
329,0.1925,2307.91,0.0,ETH,1703393241976,ETH,0.0,0.0,ETH-28JUN24,2442.14,,0.194082,191.0,0.1955,0.1895,ETH-28JUN24-2500-P,0.195,,
330,,2307.91,0.0,ETH,1703393241976,ETH,0.0,0.0,ETH-29MAR24,2388.45,,0.791102,186.0,,,ETH-29MAR24-500-C,0.784,,
331,,2307.91,0.0,ETH,1703393241976,ETH,0.0,0.0,ETH-29DEC23,2314.56,,0.0,15275.0,0.0001,,ETH-29DEC23-1000-P,0.0001,,
332,,2307.91,0.0,ETH,1703393241976,ETH,0.0,0.0,SYN.ETH-23FEB24,2362.8322222222223,,1.118801,0.0,,,ETH-23FEB24-5000-P,,,
333,0.067,2307.91,0.0,ETH,1703393241977,ETH,0.0,0.0,ETH-27SEP24,2483.08,,0.066917,432.0,0.069,0.065,ETH-27SEP24-1700-P,0.072,,
334,0.00035,2307.91,0.0,ETH,1703393241977,ETH,0.0,0.0,ETH-26JAN24,2342.59,,0.000359,55.0,0.0006,0.0001,ETH-26JAN24-900-P,0.0004,,
335,0.001,2307.91,146.73,ETH,1703393241977,ETH,0.0,37.0,SYN.ETH-26DEC23,2310.5298230007415,-15.7895,0.001034,32.0,0.0012,0.0008,ETH-26DEC23-2200-P,0.0016,0.0016,0.002
336,,2307.91,0.0,ETH,1703393241977,ETH,0.0,0.0,SYN.ETH-23FEB24,2362.8322222222223,,0.25452,0.0,,,ETH-23FEB24-1800-C,,,
337,0.1515,2307.91,0.0,ETH,1703393241977,ETH,0.0,0.0,ETH-27SEP24,2483.08,,0.151359,1669.0,0.1545,0.1485,ETH-27SEP24-3000-C,0.153,,
338,0.0022,2307.91,646.23,ETH,1703393241977,ETH,0.0,123.0,ETH-26JAN24,2342.59,9.5238,0.002214,3771.0,0.0023,0.0021,ETH-26JAN24-1500-P,0.0023,0.0021,0.0023
339,0.0004,2307.91,0.0,ETH,1703393241977,ETH,0.0,0.0,SYN.ETH-12JAN24,2328.81,,0.000166,26.0,0.0007,0.0001,ETH-12JAN24-1200-P,0.0004,,
340,,2307.91,0.0,ETH,1703393241977,ETH,0.0,0.0,ETH-29MAR24,2388.45,,0.691844,0.0,,,ETH-29MAR24-4000-P,,,
341,0.0018,2307.91,177.87,ETH,1703393241977,ETH,0.0,32.0,SYN.ETH-26DEC23,2310.5298230007415,-43.75,0.001837,20.0,0.002,0.0016,ETH-26DEC23-2225-P,0.0018,0.0018,0.0032
342,0.047,2307.91,0.0,ETH,1703393241977,ETH,0.0,0.0,SYN.ETH-23FEB24,2362.8322222222223,,0.046803,5089.0,0.048,0.046,ETH-23FEB24-2100-P,0.046,,
343,,2307.91,0.0,ETH,1703393241977,ETH,0.0,0.0,SYN.ETH-12JAN24,2328.81,,0.168705,0.0,,,ETH-12JAN24-1950-C,,,
344,0.011,2307.91,0.0,ETH,1703393241977,ETH,0.0,0.0,ETH-28JUN24,2442.14,,0.01117,2650.0,0.012,0.01,ETH-28JUN24-7000-C,0.011,,
345,0.016,2307.91,1983.48,ETH,1703393241977,ETH,0.0,56.0,SYN.ETH-26DEC23,2310.5298230007415,-9.375,0.016308,50.0,0.0165,0.0155,ETH-26DEC23-2325-P,0.0145,0.0135,0.017
346,0.129,2307.91,291.06,ETH,1703393241977,ETH,0.0,1.0,ETH-28JUN24,2442.14,0.0,0.128715,3792.0,0.1315,0.1265,ETH-28JUN24-2800-C,0.127,0.127,0.127
347,,2307.91,0.0,ETH,1703393241977,ETH,0.0,0.0,SYN.ETH-26DEC23,2310.5298230007415,,0.211853,0.0,,,ETH-26DEC23-2800-P,,,
348,0.00175,2307.91,51.82,ETH,1703393241977,ETH,0.0,14.0,ETH-5JAN24,2322.0,-11.1111,0.001795,1206.0,0.002,0.0015,ETH-5JAN24-1900-P,0.0016,0.0016,0.0018
349,,2307.91,0.0,ETH,1703393241977,ETH,0.0,0.0,ETH-29DEC23,2314.56,,0.82717,8.0,,,ETH-29DEC23-400-C,0.79,,
350,0.0085,2307.91,522.51,ETH,1703393241977,ETH,0.0,30.0,ETH-5JAN24,2322.0,23.0769,0.008341,5086.0,0.009,0.008,ETH-5JAN24-2600-C,0.008,0.0065,0.008
351,0.00105,2307.91,0.0,ETH,1703393241977,ETH,0.0,0.0,ETH-27SEP24,2483.08,,0.000835,902.0,0.0015,0.0006,ETH-27SEP24-400-P,0.0012,,
352,,2307.91,0.0,ETH,1703393241977,ETH,0.0,0.0,SYN.ETH-26DEC23,2310.5298230007415,,0.062039,0.0,,0.0005,ETH-26DEC23-2450-P,,,
353,,2307.91,0.0,ETH,1703393241977,ETH,0.0,0.0,ETH-5JAN24,2322.0,,0.440169,0.0,,,ETH-5JAN24-1300-C,,,
354,0.0052,2307.91,57809.65,ETH,1703393241977,ETH,0.0,4650.0,ETH-29DEC23,2314.56,25.0,0.005078,119746.0,0.0055,0.0049,ETH-29DEC23-2500-C,0.005,0.0035,0.0065
355,0.00675,2307.91,0.0,ETH,1703393241977,ETH,0.0,0.0,ETH-27SEP24,2483.08,,0.006731,531.0,0.008,0.0055,ETH-27SEP24-800-P,0.0055,,
356,,2307.91,0.0,ETH,1703393241977,ETH,0.0,0.0,ETH-5JAN24,2322.0,,0.122206,0.0,,,ETH-5JAN24-2050-C,0.1155,,
357,,2307.91,2.52,ETH,1703393241977,ETH,0.0,11.0,ETH-29DEC23,2314.56,0.0,2.3e-05,21951.0,0.0001,,ETH-29DEC23-1200-P,0.0001,0.0001,0.0001
358,,2307.91,0.0,ETH,1703393241977,ETH,0.0,0.0,SYN.ETH-24DEC23,2307.94303833457,,0.25653,0.0,,,ETH-24DEC23-2900-P,,,
359,,2307.91,0.0,ETH,1703393241977,ETH,0.0,0.0,SYN.ETH-26DEC23,2310.5298230007415,,0.041879,0.0,,0.019,ETH-26DEC23-2400-P,,,
360,,2307.91,0.0,ETH,1703393241977,ETH,0.0,0.0,SYN.ETH-26DEC23,2310.5298230007415,,0.104232,0.0,,,ETH-26DEC23-2550-P,,,
361,0.00125,2307.91,0.0,ETH,1703393241977,ETH,0.0,0.0,ETH-26JAN24,2342.59,,0.001249,16265.0,0.0015,0.001,ETH-26JAN24-5000-C,0.0014,,
362,0.0235,2307.91,1973.84,ETH,1703393241977,ETH,0.0,37.0,SYN.ETH-23FEB24,2362.8322222222223,-6.25,0.023537,1890.0,0.024,0.023,ETH-23FEB24-1900-P,0.0225,0.0225,0.024
363,0.1495,2307.91,6881.79,ETH,1703393241977,ETH,0.0,20.0,ETH-27SEP24,2483.22,0.0,0.149502,679.0,0.153,0.146,ETH-27SEP24-2200-P,0.15,0.15,0.15
364,,2307.91,0.0,ETH,1703393241977,ETH,0.0,0.0,SYN.ETH-26DEC23,2310.5298230007415,,0.276764,0.0,,,ETH-26DEC23-2950-P,,,
365,0.02,2307.91,11143.5,ETH,1703393241977,ETH,0.0,216.0,ETH-29DEC23,2314.56,-20.4082,0.019889,15610.0,0.0205,0.0195,ETH-29DEC23-2300-P,0.0195,0.0165,0.0255
366,,2307.91,0.0,ETH,1703393241977,ETH,0.0,0.0,SYN.ETH-12JAN24,2328.81,,0.229659,0.0,,,ETH-12JAN24-1800-C,,,
367,0.00135,2307.91,2.98,ETH,1703393241977,ETH,0.0,1.0,ETH-28JUN24,2442.14,0.0,0.001101,1061.0,0.0015,0.0012,ETH-28JUN24-600-P,0.0013,0.0013,0.0013
368,0.21875,2307.91,0.0,ETH,1703393241977,ETH,0.0,0.0,ETH-28JUN24,2442.14,,0.218543,2800.0,0.222,0.2155,ETH-28JUN24-2600-P,0.2468,,
369,,2307.91,0.0,ETH,1703393241977,ETH,0.0,0.0,SYN.ETH-24DEC23,2307.94303833457,,0.169873,0.0,,,ETH-24DEC23-2700-P,,,
370,,2307.91,0.0,ETH,1703393241977,ETH,0.0,0.0,ETH-5JAN24,2322.0,,0.550701,0.0,,,ETH-5JAN24-3600-P,,,
371,,2307.91,0.0,ETH,1703393241977,ETH,0.0,0.0,SYN.ETH-23FEB24,2362.8322222222223,,0.330501,0.0,,,ETH-23FEB24-1600-C,,,
372,,2307.91,0.0,ETH,1703393241977,ETH,0.0,0.0,SYN.ETH-24DEC23,2307.94303833457,,0.0,0.0,0.0004,,ETH-24DEC23-2800-C,,,
373,,2307.91,0.0,ETH,1703393241977,ETH,0.0,0.0,ETH-28JUN24,2442.14,,0.877945,0.0,,,ETH-28JUN24-4500-P,,,
374,0.17225,2307.91,0.0,ETH,1703393241977,ETH,0.0,0.0,ETH-27SEP24,2483.08,,0.172372,280.0,0.1755,0.169,ETH-27SEP24-2800-C,0.1745,,
375,0.0007,2307.91,2.76,ETH,1703393241977,ETH,0.0,2.0,SYN.ETH-26DEC23,2310.5298230007415,0.0,0.000707,2.0,0.0009,0.0005,ETH-26DEC23-2525-C,0.0006,0.0006,0.0006
376,,2307.91,0.0,ETH,1703393241977,ETH,0.0,0.0,SYN.ETH-26DEC23,2310.5298230007415,,2.8e-05,0.0,0.0005,,ETH-26DEC23-2750-C,,,
377,0.17125,2307.91,0.0,ETH,1703393241977,ETH,0.0,0.0,ETH-27SEP24,2483.08,,0.17124,1334.0,0.175,0.1675,ETH-27SEP24-2300-P,0.172,,
378,0.02075,2307.91,2954.59,ETH,1703393241977,ETH,0.0,59.0,SYN.ETH-12JAN24,2328.81,-13.6364,0.021038,771.0,0.021,0.0205,ETH-12JAN24-2150-P,0.019,0.019,0.0225
379,0.048,2307.91,2528.85,ETH,1703393241977,ETH,0.0,21.0,ETH-29DEC23,2314.56,-8.2569,0.047859,19911.0,0.0505,0.0455,ETH-29DEC23-2400-P,0.05,0.05,0.0545
380,0.009,2307.91,85.66,ETH,1703393241977,ETH,0.0,5.0,SYN.ETH-23FEB24,2362.8322222222223,0.0,0.008819,717.0,0.0095,0.0085,ETH-23FEB24-3800-C,0.0075,0.0075,0.0075
381,,2307.91,0.0,ETH,1703393241977,ETH,0.0,0.0,ETH-29DEC23,2314.56,,0.567925,252.0,,,ETH-29DEC23-1000-C,0.5205,,
382,,2307.91,0.0,ETH,1703393241977,ETH,0.0,0.0,SYN.ETH-23FEB24,2362.8322222222223,,0.262389,0.0,,,ETH-23FEB24-2900-P,,,
383,0.00015,2307.91,242.81,ETH,1703393241977,ETH,0.0,901.0,SYN.ETH-24DEC23,2307.94303833457,-50.0,0.000121,1099.0,0.0002,0.0001,ETH-24DEC23-2425-C,0.0001,0.0001,0.0004
384,,2307.91,0.0,ETH,1703393241977,ETH,0.0,0.0,ETH-29MAR24,2388.45,,0.833023,411.0,,,ETH-29MAR24-400-C,0.749,,
385,,2307.91,0.0,ETH,1703393241977,ETH,0.0,0.0,ETH-29DEC23,2314.56,,1.592458,0.0,,,ETH-29DEC23-6000-P,,,
386,,2307.91,4.57,ETH,1703393241977,ETH,0.0,10.0,SYN.ETH-25DEC23,2309.2364306676554,0.0,8.7e-05,22.0,0.0002,,ETH-25DEC23-2550-C,0.0002,0.0002,0.0002
387,0.0005,2307.91,34.36,ETH,1703393241977,ETH,0.0,25.0,ETH-26JAN24,2342.59,0.0,0.00045,790.0,0.0007,0.0003,ETH-26JAN24-1000-P,0.0006,0.0006,0.0006
388,,2307.91,0.0,ETH,1703393241977,ETH,0.0,0.0,SYN.ETH-23FEB24,2362.8322222222223,,0.411118,0.0,,,ETH-23FEB24-1400-C,,,
389,,2307.91,0.0,ETH,1703393241977,ETH,0.0,0.0,ETH-28JUN24,2442.14,,0.75539,0.0,,0.0001,ETH-28JUN24-600-C,,,
390,,2307.91,0.0,ETH,1703393241977,ETH,0.0,0.0,ETH-29MAR24,2388.45,,0.665861,590.0,,,ETH-29MAR24-800-C,0.656,,
391,0.01525,2307.91,32075.8,ETH,1703393241977,ETH,0.0,1162.0,SYN.ETH-26DEC23,2310.5298230007415,33.3333,0.014739,1082.0,0.016,0.0145,ETH-26DEC23-2300-C,0.016,0.0105,0.016
392,0.0005,2307.91,58.32,ETH,1703393241977,ETH,0.0,51.0,SYN.ETH-12JAN24,2328.81,-33.3333,0.000448,51.0,0.0007,0.0003,ETH-12JAN24-1400-P,0.0004,0.0004,0.0006
393,,2307.91,0.0,ETH,1703393241977,ETH,0.0,0.0,ETH-5JAN24,2322.0,,5.8e-05,0.0,0.0006,,ETH-5JAN24-1300-P,,,
394,,2307.91,0.0,ETH,1703393241977,ETH,0.0,0.0,SYN.ETH-24DEC23,2307.94303833457,,0.234866,0.0,,,ETH-24DEC23-2850-P,,,
395,,2307.91,0.0,ETH,1703393241977,ETH,0.0,0.0,SYN.ETH-23FEB24,2362.8322222222223,,0.219418,4.0,,,ETH-23FEB24-1900-C,0.149,,
396,,2307.91,0.0,ETH,1703393241977,ETH,0.0,0.0,SYN.ETH-12JAN24,2328.81,,0.293636,0.0,,,ETH-12JAN24-3000-P,,,
397,,2307.91,0.0,ETH,1703393241977,ETH,0.0,0.0,ETH-5JAN24,2322.0,,0.16282,1.0,,,ETH-5JAN24-1950-C,0.1273,,
398,0.0755,2307.91,5723.55,ETH,1703393241977,ETH,0.0,33.0,SYN.ETH-23FEB24,2362.8322222222223,5.5172,0.075376,10935.0,0.0765,0.0745,ETH-23FEB24-2500-C,0.0765,0.071,0.0765
399,,2307.91,0.0,ETH,1703393241977,ETH,0.0,0.0,ETH-29DEC23,2314.56,,5e-06,3221.0,0.0001,,ETH-29DEC23-800-P,0.0001,,
400,,2307.91,0.0,ETH,1703393241977,ETH,0.0,0.0,ETH-27SEP24,2483.08,,0.696535,109.0,,,ETH-27SEP24-4000-P,0.82,,
401,0.011,2307.91,6657.12,ETH,1703393241977,ETH,0.0,253.0,ETH-26JAN24,2342.59,-13.0435,0.010946,17188.0,0.0115,0.0105,ETH-26JAN24-1900-P,0.01,0.01,0.0125
402,,2307.91,0.0,ETH,1703393241977,ETH,0.0,0.0,SYN.ETH-12JAN24,2328.81,,0.131046,175.0,,,ETH-12JAN24-2050-C,0.1325,,
403,0.00825,2307.91,501.89,ETH,1703393241977,ETH,0.0,24.0,SYN.ETH-12JAN24,2328.81,-16.6667,0.008276,2755.0,0.0085,0.008,ETH-12JAN24-2000-P,0.0075,0.0075,0.01
404,,2307.91,0.0,ETH,1703393241977,ETH,0.0,0.0,ETH-26JAN24,2342.45,,0.446133,5.0,,,ETH-26JAN24-1300-C,0.429,,
405,0.0165,2307.91,0.0,ETH,1703393241978,ETH,0.0,0.0,ETH-28JUN24,2442.14,,0.016394,1676.0,0.018,0.015,ETH-28JUN24-6000-C,0.018,,
406,,2307.91,0.0,ETH,1703393241978,ETH,0.0,0.0,ETH-26JAN24,2342.59,,1.135776,1.0,,,ETH-26JAN24-5000-P,1.208,,
407,,2307.91,0.0,ETH,1703393241978,ETH,0.0,0.0,SYN.ETH-25DEC23,2309.2364306676554,,0.0,0.0,0.0004,,ETH-25DEC23-2950-C,,,
408,,2307.91,0.0,ETH,1703393241978,ETH,0.0,0.0,ETH-29DEC23,2314.56,,4e-06,10732.0,0.0001,,ETH-29DEC23-1100-P,0.0001,,
409,0.15375,2307.91,0.0,ETH,1703393241978,ETH,0.0,0.0,ETH-28JUN24,2442.14,,0.153794,10103.0,0.1565,0.151,ETH-28JUN24-2600-C,0.157,,
410,,2307.91,0.0,ETH,1703393241978,ETH,0.0,0.0,ETH-27SEP24,2483.08,,0.410201,508.0,,,ETH-27SEP24-1600-C,0.3765,,
411,,2307.91,0.0,ETH,1703393241978,ETH,0.0,0.0,ETH-27SEP24,2483.08,,1.845897,0.0,,,ETH-27SEP24-7000-P,,,
412,,2307.91,0.0,ETH,1703393241978,ETH,0.0,0.0,ETH-26JAN24,2342.45,,0.238595,2021.0,,0.0001,ETH-26JAN24-1800-C,0.2305,,
413,,2307.91,306.55,ETH,1703393241978,ETH,0.0,1.0,ETH-5JAN24,2322.0,0.0,0.142044,250.0,,,ETH-5JAN24-2000-C,0.134,0.134,0.134
414,,2307.91,9913.56,ETH,1703393241978,ETH,0.0,10.0,ETH-29MAR24,2388.45,0.0,0.422386,900.0,,0.1,ETH-29MAR24-1400-C,0.43,0.43,0.43
415,,2307.91,0.0,ETH,1703393241978,ETH,0.0,0.0,SYN.ETH-24DEC23,2307.94303833457,,0.029131,0.0,,0.009,ETH-24DEC23-2375-P,,,
416,,2307.91,0.0,ETH,1703393241978,ETH,0.0,0.0,ETH-29DEC23,2314.56,,5e-06,2898.0,0.0001,,ETH-29DEC23-500-P,0.0001,,
417,0.00455,2307.91,4397.37,ETH,1703393241978,ETH,0.0,458.0,SYN.ETH-24DEC23,2307.94303833457,135.2941,0.004614,981.0,0.0055,0.0036,ETH-24DEC23-2300-C,0.008,0.0022,0.011
418,,2307.91,0.0,ETH,1703393241978,ETH,0.0,0.0,ETH-28JUN24,2442.14,,1.473508,8.0,,,ETH-28JUN24-6000-P,1.4285,,
419,0.00155,2307.91,696.42,ETH,1703393241978,ETH,0.0,169.0,SYN.ETH-23FEB24,2362.8322222222223,0.0,0.001729,488.0,0.0018,0.0013,ETH-23FEB24-1200-P,0.0018,0.0018,0.0018
420,0.03525,2307.91,0.0,ETH,1703393241978,ETH,0.0,0.0,SYN.ETH-23FEB24,2362.8322222222223,,0.035049,1032.0,0.036,0.0345,ETH-23FEB24-2900-C,0.036,,
421,,2307.91,0.0,ETH,1703393241978,ETH,0.0,0.0,ETH-5JAN24,2322.0,,0.073534,0.0,,0.0005,ETH-5JAN24-2450-P,,,
422,,2307.91,0.0,ETH,1703393241978,ETH,0.0,0.0,SYN.ETH-12JAN24,2328.81,,0.188647,0.0,,,ETH-12JAN24-1900-C,,,
423,,2307.91,0.0,ETH,1703393241978,ETH,0.0,0.0,ETH-28JUN24,2442.14,,0.244353,1618.0,,0.0002,ETH-28JUN24-2100-C,0.243,,
424,0.0019,2307.91,1499.77,ETH,1703393241978,ETH,0.0,235.0,ETH-29DEC23,2314.56,-28.0,0.00196,37827.0,0.002,0.0018,ETH-29DEC23-2100-P,0.0018,0.0018,0.003
425,0.0105,2307.91,2707.39,ETH,1703393241978,ETH,0.0,124.0,SYN.ETH-26DEC23,2310.5298230007415,71.4286,0.010046,89.0,0.011,0.01,ETH-26DEC23-2325-C,0.012,0.007,0.012
426,0.03225,2307.91,2649.5,ETH,1703393241978,ETH,0.0,42.0,ETH-5JAN24,2322.0,7.4074,0.032055,5673.0,0.0325,0.032,ETH-5JAN24-2350-C,0.029,0.0265,0.029
427,,2307.91,0.0,ETH,1703393241978,ETH,0.0,0.0,ETH-5JAN24,2322.0,,0.293758,0.0,,,ETH-5JAN24-3000-P,,,
428,0.0115,2307.91,25.34,ETH,1703393241978,ETH,0.0,1.0,SYN.ETH-23FEB24,2362.8322222222223,0.0,0.011397,4491.0,0.012,0.011,ETH-23FEB24-3600-C,0.011,0.011,0.011
429,,2307.91,20.16,ETH,1703393241978,ETH,0.0,67.0,ETH-29DEC23,2314.56,-60.0,0.000122,33626.0,0.0002,,ETH-29DEC23-1700-P,0.0002,0.0001,0.0005
430,0.028,2307.91,39683.24,ETH,1703393241978,ETH,0.0,600.0,SYN.ETH-12JAN24,2328.81,16.3265,0.027963,6997.0,0.0285,0.0275,ETH-12JAN24-2500-C,0.0285,0.0245,0.0295
431,0.07975,2307.91,98957.17,ETH,1703393241978,ETH,0.0,583.0,ETH-26JAN24,2342.59,9.5238,0.079006,12921.0,0.0805,0.079,ETH-26JAN24-2300-C,0.0805,0.073,0.0805
432,0.0005,2307.91,8.25,ETH,1703393241978,ETH,0.0,6.0,ETH-5JAN24,2322.0,0.0,0.000511,80.0,0.0006,0.0004,ETH-5JAN24-1700-P,0.0006,0.0006,0.0006
433,0.00055,2307.91,0.0,ETH,1703393241978,ETH,0.0,0.0,SYN.ETH-23FEB24,2362.8322222222223,,0.00052,129.0,0.0008,0.0003,ETH-23FEB24-800-P,0.0005,,
434,0.0045,2307.91,0.0,ETH,1703393241978,ETH,0.0,0.0,ETH-29MAR24,2388.45,,0.004454,15422.0,0.005,0.004,ETH-29MAR24-1200-P,0.005,,
435,0.00415,2307.91,0.0,ETH,1703393241978,ETH,0.0,0.0,ETH-29MAR24,2388.45,,0.004074,2570.0,0.0047,0.0036,ETH-29MAR24-6000-C,0.0042,,
436,0.02275,2307.91,4943.93,ETH,1703393241978,ETH,0.0,86.0,ETH-5JAN24,2322.0,-19.6078,0.022876,1372.0,0.023,0.0225,ETH-5JAN24-2250-P,0.0205,0.0205,0.0265
437,,2307.91,0.0,ETH,1703393241978,ETH,0.0,0.0,SYN.ETH-24DEC23,2307.94303833457,,0.0,138.0,0.0003,,ETH-24DEC23-2050-P,0.0001,,
438,0.04725,2307.91,0.0,ETH,1703393241978,ETH,0.0,0.0,ETH-28JUN24,2442.14,,0.047357,2035.0,0.0495,0.045,ETH-28JUN24-1700-P,0.0465,,
439,,2307.91,0.0,ETH,1703393241978,ETH,0.0,0.0,ETH-26JAN24,2342.45,,0.180287,10.0,,,ETH-26JAN24-2700-P,0.2115,,
440,0.0205,2307.91,0.0,ETH,1703393241978,ETH,0.0,0.0,ETH-28JUN24,2442.14,,0.020302,1462.0,0.022,0.019,ETH-28JUN24-5500-C,0.023,,
441,,2307.91,0.0,ETH,1703393241978,ETH,0.0,0.0,SYN.ETH-23FEB24,2362.8322222222223,,0.15804,343.0,,,ETH-23FEB24-2100-C,0.1145,,
442,0.0008,2307.91,0.0,ETH,1703393241978,ETH,0.0,0.0,ETH-29MAR24,2388.45,,0.000768,1403.0,0.0011,0.0005,ETH-29MAR24-600-P,0.0006,,
443,0.00255,2307.91,1050.79,ETH,1703393241978,ETH,0.0,182.0,ETH-5JAN24,2322.0,0.0,0.002653,10777.0,0.0026,0.0025,ETH-5JAN24-1950-P,0.0025,0.0025,0.0028
444,,2307.91,0.0,ETH,1703393241978,ETH,0.0,0.0,ETH-29MAR24,2388.45,,1.10086,0.0,,,ETH-29MAR24-5000-P,,,
445,0.033,2307.91,0.0,ETH,1703393241978,ETH,0.0,0.0,SYN.ETH-25DEC23,2309.2364306676554,,0.036853,0.0,0.048,0.018,ETH-25DEC23-2225-C,,,
446,,2307.91,0.0,ETH,1703393241978,ETH,0.0,0.0,ETH-27SEP24,2483.08,,1.648958,0.0,,,ETH-27SEP24-6500-P,,,
447,,2307.91,0.0,ETH,1703393241978,ETH,0.0,0.0,SYN.ETH-25DEC23,2309.2364306676554,,0.061475,0.0,,0.0005,ETH-25DEC23-2450-P,,,
448,,2307.91,0.0,ETH,1703393241978,ETH,0.0,0.0,ETH-26JAN24,2342.59,,0.114012,1054.0,,,ETH-26JAN24-2500-P,0.1152,,
449,,2307.91,0.0,ETH,1703393241978,ETH,0.0,0.0,ETH-29MAR24,2388.45,,0.501986,159.0,,,ETH-29MAR24-1200-C,0.485,,
450,,2307.91,0.0,ETH,1703393241978,ETH,0.0,0.0,ETH-26JAN24,2342.45,,0.457261,10.0,,,ETH-26JAN24-3400-P,0.5015,,
451,,2307.91,1143.34,ETH,1703393241978,ETH,0.0,50.0,SYN.ETH-24DEC23,2307.94303833457,5.2632,0.014362,1116.0,,0.01,ETH-24DEC23-2275-C,0.01,0.0095,0.01
452,,2307.91,0.0,ETH,1703393241978,ETH,0.0,0.0,ETH-5JAN24,2322.0,,0.168169,0.0,,,ETH-5JAN24-2700-P,,,
453,0.11075,2307.91,285524.95,ETH,1703393241978,ETH,0.0,1100.0,SYN.ETH-23FEB24,2362.8322222222223,3.211,0.109994,7306.0,0.112,0.1095,ETH-23FEB24-2300-C,0.1125,0.109,0.1125
454,,2307.91,0.0,ETH,1703393241978,ETH,0.0,0.0,SYN.ETH-24DEC23,2307.94303833457,,0.278194,0.0,,,ETH-24DEC23-2950-P,,,
455,0.036,2307.91,53259.28,ETH,1703393241978,ETH,0.0,689.0,ETH-26JAN24,2342.59,17.4603,0.035859,40516.0,0.0365,0.0355,ETH-26JAN24-2600-C,0.037,0.0315,0.0375
456,0.00075,2307.91,123.35,ETH,1703393241978,ETH,0.0,124.0,SYN.ETH-25DEC23,2309.2364306676554,50.0,0.000796,131.0,0.001,0.0005,ETH-25DEC23-2425-C,0.0009,0.0002,0.0009
457,,2307.91,0.0,ETH,1703393241978,ETH,0.0,0.0,SYN.ETH-24DEC23,2307.94303833457,,0.0,265.0,0.0003,,ETH-24DEC23-2100-P,0.0001,,
458,,2307.91,0.0,ETH,1703393241978,ETH,0.0,0.0,SYN.ETH-25DEC23,2309.2364306676554,,0.0,0.0,0.0004,,ETH-25DEC23-2850-C,,,
459,0.00135,2307.91,75.79,ETH,1703393241978,ETH,0.0,25.0,SYN.ETH-26DEC23,2310.5298230007415,180.0,0.001279,23.0,0.0015,0.0012,ETH-26DEC23-2475-C,0.0014,0.0005,0.0014
460,,2307.91,0.0,ETH,1703393241978,ETH,0.0,0.0,SYN.ETH-26DEC23,2310.5298230007415,,0.168643,0.0,,,ETH-26DEC23-2700-P,,,
461,0.18225,2307.91,0.0,ETH,1703393241978,ETH,0.0,0.0,ETH-29MAR24,2388.45,,0.18154,1841.0,0.1845,0.18,ETH-29MAR24-2600-P,0.242,,
462,,2307.91,0.0,ETH,1703393241978,ETH,0.0,0.0,SYN.ETH-26DEC23,2310.5298230007415,,0.072462,0.0,,,ETH-26DEC23-2475-P,,,
463,,2307.91,0.0,ETH,1703393241978,ETH,0.0,0.0,SYN.ETH-23FEB24,2362.8322222222223,,0.370492,250.0,,,ETH-23FEB24-1500-C,0.3502,,
464,,2307.91,0.0,ETH,1703393241978,ETH,0.0,0.0,SYN.ETH-23FEB24,2362.8322222222223,,0.494329,0.0,,,ETH-23FEB24-3500-P,,,
465,0.00095,2307.91,0.0,ETH,1703393241978,ETH,0.0,0.0,SYN.ETH-12JAN24,2328.81,,0.00095,77.0,0.001,0.0009,ETH-12JAN24-1600-P,0.0022,,
466,0.0245,2307.91,2703.68,ETH,1703393241978,ETH,0.0,50.0,ETH-5JAN24,2322.0,21.4286,0.024355,17146.0,0.025,0.024,ETH-5JAN24-2400-C,0.0255,0.021,0.026
467,,2307.91,0.0,ETH,1703393241978,ETH,0.0,0.0,SYN.ETH-24DEC23,2307.94303833457,,0.133427,0.0,,,ETH-24DEC23-2000-C,,,
468,,2307.91,0.0,ETH,1703393241978,ETH,0.0,0.0,SYN.ETH-25DEC23,2309.2364306676554,,0.072071,0.0,,,ETH-25DEC23-2475-P,,,
469,,2307.91,0.0,ETH,1703393241979,ETH,0.0,0.0,SYN.ETH-23FEB24,2362.8322222222223,,0.132201,1172.0,0.142,,ETH-23FEB24-2200-C,0.125,,
470,,2307.91,0.0,ETH,1703393241979,ETH,0.0,0.0,ETH-26JAN24,2342.59,,0.541129,10.0,,,ETH-26JAN24-3600-P,0.589,,
471,0.0004,2307.91,297.36,ETH,1703393241979,ETH,0.0,227.0,SYN.ETH-26DEC23,2310.5298230007415,-60.0,0.000372,205.0,0.0005,0.0003,ETH-26DEC23-2150-P,0.0002,0.0002,0.0008
472,0.00415,2307.91,367.59,ETH,1703393241979,ETH,0.0,36.0,ETH-26JAN24,2342.45,28.5714,0.00427,9741.0,0.0044,0.0039,ETH-26JAN24-3600-C,0.0045,0.0035,0.0046
473,0.02675,2307.91,0.0,ETH,1703393241979,ETH,0.0,0.0,ETH-27SEP24,2483.08,,0.026817,592.0,0.0285,0.025,ETH-27SEP24-7000-C,0.025,,
474,0.1945,2307.91,0.0,ETH,1703393241979,ETH,0.0,0.0,ETH-27SEP24,2483.08,,0.19388,1193.0,0.198,0.191,ETH-27SEP24-2400-P,0.191,,
475,,2307.91,0.0,ETH,1703393241979,ETH,0.0,0.0,SYN.ETH-23FEB24,2362.8322222222223,,0.187062,512.0,,,ETH-23FEB24-2000-C,0.1705,,
476,,2307.91,0.0,ETH,1703393241979,ETH,0.0,0.0,ETH-29DEC23,2314.56,,1.2e-05,8339.0,0.0001,,ETH-29DEC23-5000-C,0.0001,,
477,,2307.91,0.0,ETH,1703393241979,ETH,0.0,0.0,SYN.ETH-26DEC23,2310.5298230007415,,0.125531,0.0,,,ETH-26DEC23-2600-P,,,
478,,2307.91,0.0,ETH,1703393241979,ETH,0.0,0.0,SYN.ETH-25DEC23,2309.2364306676554,,0.277479,0.0,,,ETH-25DEC23-2950-P,,,
479,0.26625,2307.91,0.0,ETH,1703393241979,ETH,0.0,0.0,ETH-29DEC23,2314.56,,0.265594,75107.0,0.268,0.2645,ETH-29DEC23-1700-C,0.26,,
480,,2307.91,0.0,ETH,1703393241979,ETH,0.0,0.0,ETH-28JUN24,2442.14,,0.836944,0.0,,0.0001,ETH-28JUN24-400-C,,,
481,,2307.91,0.0,ETH,1703393241979,ETH,0.0,0.0,ETH-29DEC23,2314.56,,0.512311,38.0,,,ETH-29DEC23-3500-P,1.0715,,
482,0.04425,2307.91,0.0,ETH,1703393241979,ETH,0.0,0.0,ETH-27SEP24,2483.08,,0.044211,1451.0,0.0465,0.042,ETH-27SEP24-5500-C,0.042,,
483,0.04425,2307.91,0.0,ETH,1703393241979,ETH,0.0,0.0,ETH-27SEP24,2483.08,,0.044381,682.0,0.0465,0.042,ETH-27SEP24-1500-P,0.049,,
484,0.03225,2307.91,8386.42,ETH,1703393241979,ETH,0.0,104.0,ETH-5JAN24,2322.0,-7.0423,0.032305,1692.0,0.0325,0.032,ETH-5JAN24-2300-P,0.033,0.0325,0.038
485,0.09175,2307.91,0.0,ETH,1703393241979,ETH,0.0,0.0,SYN.ETH-23FEB24,2362.8322222222223,,0.091018,1159.0,0.093,0.0905,ETH-23FEB24-2400-C,0.094,,
486,,2307.91,0.0,ETH,1703393241979,ETH,0.0,0.0,SYN.ETH-26DEC23,2310.5298230007415,,3e-06,0.0,0.0004,,ETH-26DEC23-2850-C,,,
487,,2307.91,0.0,ETH,1703393241979,ETH,0.0,0.0,SYN.ETH-24DEC23,2307.94303833457,,0.176756,0.0,,,ETH-24DEC23-1900-C,,,
488,,2307.91,4515.43,ETH,1703393241979,ETH,0.0,654.0,SYN.ETH-24DEC23,2307.94303833457,-97.1429,8.8e-05,1089.0,0.0003,,ETH-24DEC23-2275-P,0.0001,0.0001,0.0037
489,0.0135,2307.91,0.0,ETH,1703393241979,ETH,0.0,0.0,ETH-28JUN24,2442.14,,0.013447,1827.0,0.015,0.012,ETH-28JUN24-6500-C,0.0105,,
490,0.00025,2307.91,202.25,ETH,1703393241979,ETH,0.0,423.0,ETH-29DEC23,2314.56,-33.3333,0.000215,50560.0,0.0003,0.0002,ETH-29DEC23-3000-C,0.0002,0.0001,0.0009
491,,2307.91,0.0,ETH,1703393241979,ETH,0.0,0.0,SYN.ETH-25DEC23,2309.2364306676554,,1.8e-05,5.0,0.0004,,ETH-25DEC23-2600-C,0.0006,,
492,0.07175,2307.91,0.0,ETH,1703393241979,ETH,0.0,0.0,ETH-28JUN24,2442.14,,0.071858,7046.0,0.074,0.0695,ETH-28JUN24-3500-C,0.0685,,
493,0.0055,2307.91,254.53,ETH,1703393241979,ETH,0.0,22.0,ETH-5JAN24,2322.0,19.0476,0.005323,3234.0,0.006,0.005,ETH-5JAN24-2700-C,0.005,0.0041,0.0055
494,,2307.91,0.0,ETH,1703393241979,ETH,0.0,0.0,SYN.ETH-25DEC23,2309.2364306676554,,0.125931,0.0,,,ETH-25DEC23-2600-P,,,
495,0.022,2307.91,518.76,ETH,1703393241979,ETH,0.0,10.0,ETH-29MAR24,2388.45,0.0,0.022232,11505.0,0.023,0.021,ETH-29MAR24-1700-P,0.0225,0.0225,0.0225
496,0.007,2307.91,598.04,ETH,1703393241979,ETH,0.0,35.0,ETH-26JAN24,2342.59,-6.6667,0.007025,8061.0,0.0075,0.0065,ETH-26JAN24-1800-P,0.007,0.007,0.0075
497,0.00675,2307.91,4208.5,ETH,1703393241979,ETH,0.0,261.0,ETH-26JAN24,2342.45,16.6667,0.006753,6663.0,0.007,0.0065,ETH-26JAN24-3300-C,0.007,0.006,0.007
498,0.0031,2307.91,0.0,ETH,1703393241979,ETH,0.0,0.0,ETH-28JUN24,2442.14,,0.003117,1763.0,0.0038,0.0024,ETH-28JUN24-800-P,0.003,,
499,0.017,2307.91,0.0,ETH,1703393241979,ETH,0.0,0.0,ETH-28JUN24,2442.14,,0.017105,3385.0,0.0185,0.0155,ETH-28JUN24-1300-P,0.021,,
500,0.0007,2307.91,0.0,ETH,1703393241979,ETH,0.0,0.0,SYN.ETH-23FEB24,2362.8322222222223,,0.000612,68.0,0.0011,0.0003,ETH-23FEB24-900-P,0.0007,,
501,0.105,2307.91,0.0,ETH,1703393241979,ETH,0.0,0.0,ETH-29MAR24,2388.45,,0.10522,735.0,0.1065,0.1035,ETH-29MAR24-2300-P,0.0975,,
502,,2307.91,0.0,ETH,1703393241979,ETH,0.0,0.0,ETH-28JUN24,2442.14,,0.597586,105.0,,0.0002,ETH-28JUN24-1000-C,0.5435,,
503,0.041,2307.91,13700.69,ETH,1703393241979,ETH,0.0,143.0,SYN.ETH-12JAN24,2328.81,21.7391,0.040715,8054.0,0.0415,0.0405,ETH-12JAN24-2400-C,0.042,0.0345,0.0435
504,,2307.91,0.0,ETH,1703393241979,ETH,0.0,0.0,SYN.ETH-26DEC23,2310.5298230007415,,0.083,0.0,,,ETH-26DEC23-2500-P,,,
505,,2307.91,0.0,ETH,1703393241979,ETH,0.0,0.0,ETH-26JAN24,2342.59,,0.361856,15.0,,,ETH-26JAN24-1500-C,0.342,,
506,,2307.91,0.0,ETH,1703393241979,ETH,0.0,0.0,SYN.ETH-23FEB24,2362.8322222222223,,0.193841,0.0,,,ETH-23FEB24-2700-P,,,
507,0.01125,2307.91,0.0,ETH,1703393241979,ETH,0.0,0.0,SYN.ETH-23FEB24,2362.8322222222223,,0.011186,2480.0,0.012,0.0105,ETH-23FEB24-1700-P,0.0165,,
508,0.00065,2307.91,0.0,ETH,1703393241979,ETH,0.0,0.0,ETH-26JAN24,2342.59,,0.000593,16069.0,0.0008,0.0005,ETH-26JAN24-6000-C,0.0007,,
509,0.0036,2307.91,162.2,ETH,1703393241979,ETH,0.0,23.0,ETH-5JAN24,2322.0,16.0,0.003467,351.0,0.0038,0.0034,ETH-5JAN24-2800-C,0.0029,0.0025,0.0032
510,0.08575,2307.91,20481.42,ETH,1703393241979,ETH,0.0,100.0,ETH-26JAN24,2342.59,0.0,0.08552,10205.0,0.087,0.0845,ETH-26JAN24-2400-P,0.0895,0.0895,0.0895
511,,2307.91,0.0,ETH,1703393241979,ETH,0.0,0.0,ETH-27SEP24,2483.08,,0.283737,63.0,,0.1205,ETH-27SEP24-2100-C,0.2685,,
512,,2307.91,18.78,ETH,1703393241979,ETH,0.0,49.0,SYN.ETH-25DEC23,2309.2364306676554,-50.0,5.8e-05,516.0,0.0003,,ETH-25DEC23-2100-P,0.0001,0.0001,0.0002
513,0.01175,2307.91,0.0,ETH,1703393241979,ETH,0.0,0.0,ETH-29MAR24,2388.45,,0.011906,15897.0,0.0125,0.011,ETH-29MAR24-1500-P,0.014,,
514,0.04625,2307.91,884.88,ETH,1703393241979,ETH,0.0,8.0,SYN.ETH-12JAN24,2328.81,-9.0,0.046385,535.0,0.0465,0.046,ETH-12JAN24-2300-P,0.0455,0.0455,0.05
515,,2307.91,0.0,ETH,1703393241979,ETH,0.0,0.0,ETH-26JAN24,2342.59,,0.374372,10.0,,,ETH-26JAN24-3200-P,0.4175,,
516,0.00065,2307.91,13.44,ETH,1703393241979,ETH,0.0,13.0,SYN.ETH-26DEC23,2310.5298230007415,133.3333,0.000589,13.0,0.0008,0.0005,ETH-26DEC23-2550-C,0.0007,0.0003,0.0007
517,0.0155,2307.91,928.71,ETH,1703393241979,ETH,0.0,30.0,SYN.ETH-23FEB24,2362.8322222222223,0.0,0.015228,574.0,0.016,0.015,ETH-23FEB24-3400-C,0.0135,0.0135,0.0135
518,0.0024,2307.91,1776.35,ETH,1703393241979,ETH,0.0,148.0,SYN.ETH-25DEC23,2309.2364306676554,-71.6667,0.002319,289.0,0.0027,0.0021,ETH-25DEC23-2275-P,0.0017,0.0017,0.0065
519,0.0026,2307.91,0.0,ETH,1703393241979,ETH,0.0,0.0,SYN.ETH-23FEB24,2362.8322222222223,,0.002617,458.0,0.0029,0.0023,ETH-23FEB24-1300-P,0.003,,
520,,2307.91,0.0,ETH,1703393241979,ETH,0.0,0.0,ETH-29MAR24,2388.45,,0.383821,2107.0,,,ETH-29MAR24-1500-C,0.359,,
521,0.047,2307.91,49904.54,ETH,1703393241979,ETH,0.0,500.0,ETH-26JAN24,2342.59,11.9048,0.046749,48110.0,0.0475,0.0465,ETH-26JAN24-2500-C,0.047,0.0415,0.0485
522,,2307.91,0.0,ETH,1703393241979,ETH,0.0,0.0,SYN.ETH-26DEC23,2310.5298230007415,,0.023939,0.0,,0.0005,ETH-26DEC23-2350-P,,,
523,0.0008,2307.91,17.3,ETH,1703393241979,ETH,0.0,15.0,ETH-26JAN24,2342.59,0.0,0.000806,486.0,0.0011,0.0005,ETH-26JAN24-1200-P,0.0005,0.0005,0.0005
524,0.0425,2307.91,88.19,ETH,1703393241979,ETH,0.0,1.0,SYN.ETH-23FEB24,2362.8322222222223,0.0,0.042225,2989.0,0.0435,0.0415,ETH-23FEB24-2800-C,0.0385,0.0385,0.0385
525,0.0032,2307.91,64.73,ETH,1703393241979,ETH,0.0,15.0,SYN.ETH-26DEC23,2310.5298230007415,233.3333,0.003156,14.0,0.0035,0.0029,ETH-26DEC23-2400-C,0.004,0.0012,0.004
526,0.2485,2307.91,0.0,ETH,1703393241979,ETH,0.0,0.0,ETH-29MAR24,2388.45,,0.244067,42422.0,0.27,0.227,ETH-29MAR24-1900-C,0.247,,
527,0.143,2307.91,244702.99,ETH,1703393241979,ETH,0.0,512.0,ETH-29MAR24,2388.45,0.4808,0.214328,76321.0,0.25,0.036,ETH-29MAR24-2000-C,0.209,0.208,0.209
528,,2307.91,0.0,ETH,1703393241979,ETH,0.0,0.0,ETH-29DEC23,2314.56,,0.654344,514.0,,,ETH-29DEC23-800-C,0.645,,
529,0.0845,2307.91,0.0,ETH,1703393241979,ETH,0.0,0.0,ETH-29DEC23,2314.56,,0.085267,3767.0,0.089,0.08,ETH-29DEC23-2500-P,0.11,,
530,,2307.91,0.0,ETH,1703393241979,ETH,0.0,0.0,SYN.ETH-23FEB24,2362.8322222222223,,0.700164,0.0,,,ETH-23FEB24-4000-P,,,
531,0.072,2307.91,8498.42,ETH,1703393241979,ETH,0.0,50.0,ETH-28JUN24,2442.14,0.0,0.072108,9851.0,0.0745,0.0695,ETH-28JUN24-1900-P,0.074,0.074,0.074
532,,2307.91,0.0,ETH,1703393241979,ETH,0.0,0.0,ETH-27SEP24,2483.08,,1.067586,0.0,,,ETH-27SEP24-5000-P,,,
533,,2307.91,0.0,ETH,1703393241979,ETH,0.0,0.0,SYN.ETH-24DEC23,2307.94303833457,,0.0,146.0,0.0002,,ETH-24DEC23-2000-P,0.0002,,
534,0.0021,2307.91,0.0,ETH,1703393241979,ETH,0.0,0.0,SYN.ETH-12JAN24,2328.81,,0.002109,1870.0,0.0022,0.002,ETH-12JAN24-3400-C,0.0027,,
535,,2307.91,0.0,ETH,1703393241979,ETH,0.0,0.0,ETH-5JAN24,2322.0,,0.46473,0.0,,,ETH-5JAN24-3400-P,,,
536,,2307.91,0.0,ETH,1703393241980,ETH,0.0,0.0,SYN.ETH-25DEC23,2309.2364306676554,,0.112267,0.0,,,ETH-25DEC23-2050-C,,,
537,0.007,2307.91,4188.32,ETH,1703393241980,ETH,0.0,272.0,SYN.ETH-26DEC23,2310.5298230007415,157.5758,0.006856,233.0,0.0075,0.0065,ETH-26DEC23-2350-C,0.0085,0.0033,0.0085
538,,2307.91,0.0,ETH,1703393241980,ETH,0.0,0.0,ETH-28JUN24,2442.14,,0.382607,1499.0,,0.375,ETH-28JUN24-1600-C,0.343,,
539,,2307.91,0.0,ETH,1703393241980,ETH,0.0,0.0,SYN.ETH-25DEC23,2309.2364306676554,,0.155565,0.0,,,ETH-25DEC23-1950-C,,,
540,0.0003,2307.91,1.16,ETH,1703393241980,ETH,0.0,5.0,ETH-26JAN24,2342.59,0.0,0.000182,708.0,0.0005,0.0001,ETH-26JAN24-700-P,0.0001,0.0001,0.0001
541,0.12325,2307.91,267.33,ETH,1703393241980,ETH,0.0,1.0,ETH-29MAR24,2388.45,0.0,0.123329,25376.0,0.125,0.1215,ETH-29MAR24-2400-C,0.117,0.117,0.117
542,0.01,2307.91,6131.73,ETH,1703393241980,ETH,0.0,201.0,SYN.ETH-26DEC23,2310.5298230007415,-25.0,0.010181,170.0,0.0105,0.0095,ETH-26DEC23-2300-P,0.0105,0.01,0.015
543,0.0945,2307.91,0.0,ETH,1703393241980,ETH,0.0,0.0,ETH-27SEP24,2483.08,,0.094499,792.0,0.0975,0.0915,ETH-27SEP24-1900-P,0.0915,,
544,0.0135,2307.91,1201.97,ETH,1703393241980,ETH,0.0,37.0,SYN.ETH-12JAN24,2328.81,27.2727,0.013544,566.0,0.014,0.013,ETH-12JAN24-2700-C,0.014,0.011,0.0145
545,0.09325,2307.91,2207.35,ETH,1703393241980,ETH,0.0,10.0,ETH-29MAR24,2388.45,0.0,0.092858,13532.0,0.0945,0.092,ETH-29MAR24-2600-C,0.095,0.095,0.095
546,,2307.91,0.0,ETH,1703393241980,ETH,0.0,0.0,ETH-29DEC23,2314.56,,3e-06,37498.0,0.0001,,ETH-29DEC23-4500-C,0.0001,,
547,0.00265,2307.91,12102.75,ETH,1703393241980,ETH,0.0,1479.0,ETH-29DEC23,2314.56,50.0,0.002561,49968.0,0.0028,0.0025,ETH-29DEC23-2600-C,0.003,0.0016,0.0037
548,,2307.91,0.0,ETH,1703393241980,ETH,0.0,0.0,ETH-28JUN24,2442.14,,1.877802,0.0,,,ETH-28JUN24-7000-P,,,
549,0.044,2307.91,0.0,ETH,1703393241980,ETH,0.0,0.0,SYN.ETH-26DEC23,2310.5298230007415,,0.048872,0.0,0.061,0.027,ETH-26DEC23-2200-C,,,
550,0.037,2307.91,81.24,ETH,1703393241980,ETH,0.0,1.0,ETH-27SEP24,2483.08,0.0,0.036854,1481.0,0.039,0.035,ETH-27SEP24-6000-C,0.0355,0.0355,0.0355
551,,2307.91,0.0,ETH,1703393241980,ETH,0.0,0.0,ETH-29DEC23,2314.56,,0.728315,10.0,,0.0005,ETH-29DEC23-4000-P,0.9365,,
552,,2307.91,0.0,ETH,1703393241980,ETH,0.0,0.0,ETH-28JUN24,2442.14,,1.67532,0.0,,,ETH-28JUN24-6500-P,,,
553,,2307.91,0.0,ETH,1703393241980,ETH,0.0,0.0,ETH-27SEP24,2483.08,,0.920185,0.0,,,ETH-27SEP24-200-C,,,
554,0.0013,2307.91,59.76,ETH,1703393241980,ETH,0.0,17.0,ETH-29DEC23,2314.56,-17.6471,0.001299,2435.0,0.0014,0.0012,ETH-29DEC23-2050-P,0.0014,0.0014,0.0018
555,0.18475,2307.91,0.0,ETH,1703393241980,ETH,0.0,0.0,ETH-28JUN24,2442.14,,0.18466,8284.0,0.1875,0.182,ETH-28JUN24-2400-C,0.1875,,
556,0.00165,2307.91,111.19,ETH,1703393241980,ETH,0.0,38.0,SYN.ETH-25DEC23,2309.2364306676554,90.0,0.001722,261.0,0.0019,0.0014,ETH-25DEC23-2375-C,0.0019,0.0009,0.0031
557,0.312,2307.91,0.0,ETH,1703393241980,ETH,0.0,0.0,ETH-28JUN24,2442.14,,0.222609,3623.0,0.4,0.224,ETH-28JUN24-2200-C,0.2015,,
558,0.00335,2307.91,64.14,ETH,1703393241980,ETH,0.0,8.0,SYN.ETH-12JAN24,2328.81,13.3333,0.003351,369.0,0.0036,0.0031,ETH-12JAN24-3200-C,0.0034,0.003,0.0037
559,0.00775,2307.91,17.2,ETH,1703393241980,ETH,0.0,1.0,SYN.ETH-23FEB24,2362.8322222222223,0.0,0.007654,1108.0,0.0085,0.007,ETH-23FEB24-1600-P,0.0075,0.0075,0.0075
560,,2307.91,0.0,ETH,1703393241980,ETH,0.0,0.0,SYN.ETH-25DEC23,2309.2364306676554,,2e-06,5.0,0.0004,,ETH-25DEC23-2000-P,0.0002,,
561,,2307.91,0.0,ETH,1703393241980,ETH,0.0,0.0,ETH-26JAN24,2342.59,,0.625553,5.0,,,ETH-26JAN24-3800-P,0.6755,,
562,,2307.91,0.0,ETH,1703393241980,ETH,0.0,0.0,SYN.ETH-23FEB24,2362.8322222222223,,0.619713,0.0,,,ETH-23FEB24-900-C,,,
563,0.00495,2307.91,0.0,ETH,1703393241980,ETH,0.0,0.0,SYN.ETH-23FEB24,2362.8322222222223,,0.004856,414.0,0.0055,0.0044,ETH-23FEB24-4400-C,0.0041,,
564,0.003,2307.91,796.16,ETH,1703393241980,ETH,0.0,149.0,SYN.ETH-25DEC23,2309.2364306676554,0.0,0.002925,366.0,0.0033,0.0027,ETH-25DEC23-2350-C,0.0027,0.0018,0.005
565,0.00055,2307.91,0.0,ETH,1703393241980,ETH,0.0,0.0,ETH-5JAN24,2322.0,,0.000522,78.0,0.0008,0.0003,ETH-5JAN24-1500-P,0.0004,,
566,,2307.91,0.0,ETH,1703393241980,ETH,0.0,0.0,ETH-27SEP24,2483.08,,0.609901,0.0,,,ETH-27SEP24-1000-C,,,
567,0.0045,2307.91,125.94,ETH,1703393241980,ETH,0.0,10.0,SYN.ETH-12JAN24,2328.81,0.0,0.004514,665.0,0.0047,0.0043,ETH-12JAN24-1900-P,0.0055,0.0055,0.0055
568,0.013,2307.91,2460.15,ETH,1703393241980,ETH,0.0,86.0,ETH-26JAN24,2342.45,17.3913,0.012957,27235.0,0.0135,0.0125,ETH-26JAN24-3000-C,0.0135,0.011,0.0135
569,0.00065,2307.91,74.91,ETH,1703393241980,ETH,0.0,44.0,ETH-29DEC23,2314.56,57.1429,0.000633,50279.0,0.0008,0.0005,ETH-29DEC23-2800-C,0.0011,0.0004,0.0013
570,,2307.91,0.0,ETH,1703393241980,ETH,0.0,0.0,ETH-29DEC23,2314.56,,1.2e-05,22322.0,0.0001,,ETH-29DEC23-4000-C,0.0001,,
571,,2307.91,0.0,ETH,1703393241980,ETH,0.0,0.0,SYN.ETH-26DEC23,2310.5298230007415,,0.0,0.0,0.0004,,ETH-26DEC23-3000-C,,,
572,,2307.91,102.91,ETH,1703393241980,ETH,0.0,252.0,SYN.ETH-25DEC23,2309.2364306676554,100.0,0.000136,227.0,0.0003,,ETH-25DEC23-2150-P,0.0002,0.0001,0.0004
573,,2307.91,0.0,ETH,1703393241980,ETH,0.0,0.0,SYN.ETH-23FEB24,2362.8322222222223,,0.577642,0.0,,,ETH-23FEB24-1000-C,,,
574,,2307.91,0.0,ETH,1703393241980,ETH,0.0,0.0,ETH-5JAN24,2322.0,,0.483243,0.0,,,ETH-5JAN24-1200-C,,,
575,,2307.91,790.47,ETH,1703393241980,ETH,0.0,1.0,ETH-28JUN24,2442.14,0.0,0.351175,2496.0,,0.0002,ETH-28JUN24-1700-C,0.3455,0.3455,0.3455
576,,2307.91,0.0,ETH,1703393241980,ETH,0.0,0.0,ETH-26JAN24,2342.45,,0.216568,5.0,,,ETH-26JAN24-2800-P,0.2485,,
577,,2307.91,0.0,ETH,1703393241980,ETH,0.0,0.0,ETH-28JUN24,2442.14,,1.272656,0.0,,,ETH-28JUN24-5500-P,,,
578,0.011,2307.91,14273.7,ETH,1703393241980,ETH,0.0,590.0,ETH-5JAN24,2322.0,35.2941,0.010706,6298.0,0.0115,0.0105,ETH-5JAN24-2550-C,0.0115,0.0085,0.0115
579,,2307.91,0.0,ETH,1703393241980,ETH,0.0,0.0,ETH-29DEC23,2314.56,,1.376426,45.0,,,ETH-29DEC23-5500-P,1.7955,,
580,,2307.91,0.0,ETH,1703393241980,ETH,0.0,0.0,SYN.ETH-24DEC23,2307.94303833457,,0.0,73.0,0.0002,,ETH-24DEC23-2550-C,0.0002,,
581,0.00725,2307.91,82.55,ETH,1703393241980,ETH,0.0,6.0,SYN.ETH-23FEB24,2362.8322222222223,0.0,0.007281,1268.0,0.0075,0.007,ETH-23FEB24-4000-C,0.006,0.006,0.006
582,,2307.91,6.9,ETH,1703393241980,ETH,0.0,30.0,ETH-29DEC23,2314.56,0.0,4.6e-05,29278.0,0.0004,,ETH-29DEC23-3500-C,0.0001,0.0001,0.0001
583,,2307.91,11.08,ETH,1703393241980,ETH,0.0,17.0,SYN.ETH-26DEC23,2310.5298230007415,200.0,0.000125,16.0,0.0003,,ETH-26DEC23-2050-P,0.0003,0.0001,0.0003
584,,2307.91,11.23,ETH,1703393241980,ETH,0.0,37.0,SYN.ETH-24DEC23,2307.94303833457,0.0,3.1e-05,234.0,0.0004,,ETH-24DEC23-2450-C,0.0001,0.0001,0.0002
585,,2307.91,0.0,ETH,1703393241980,ETH,0.0,0.0,ETH-29MAR24,2388.45,,0.276119,16248.0,,,ETH-29MAR24-1800-C,0.2815,,
586,,2307.91,0.0,ETH,1703393241980,ETH,0.0,0.0,SYN.ETH-25DEC23,2309.2364306676554,,0.104348,0.0,,,ETH-25DEC23-2550-P,,,
587,,2307.91,16.91,ETH,1703393241980,ETH,0.0,74.0,ETH-29DEC23,2314.56,0.0,8.9e-05,41886.0,0.0002,,ETH-29DEC23-1500-P,0.0001,0.0001,0.0001
588,,2307.91,0.0,ETH,1703393241980,ETH,0.0,0.0,ETH-27SEP24,2483.08,,0.263506,1033.0,0.2895,,ETH-27SEP24-2200-C,0.2505,,
589,,2307.91,0.0,ETH,1703393241980,ETH,0.0,0.0,SYN.ETH-24DEC23,2307.94303833457,,0.090099,0.0,,,ETH-24DEC23-2100-C,,,
590,0.02475,2307.91,836.72,ETH,1703393241980,ETH,0.0,14.0,SYN.ETH-23FEB24,2362.8322222222223,-1.9231,0.024506,3244.0,0.0255,0.024,ETH-23FEB24-3100-C,0.0255,0.0255,0.026
591,0.018,2307.91,0.0,ETH,1703393241980,ETH,0.0,0.0,SYN.ETH-23FEB24,2362.8322222222223,,0.017734,3007.0,0.0185,0.0175,ETH-23FEB24-3300-C,0.0195,,
592,,2307.91,0.0,ETH,1703393241980,ETH,0.0,0.0,SYN.ETH-25DEC23,2309.2364306676554,,0.234174,0.0,,,ETH-25DEC23-2850-P,,,
593,0.011,2307.91,11508.86,ETH,1703393241980,ETH,0.0,381.0,ETH-29DEC23,2314.56,-27.5862,0.010974,2193.0,0.0115,0.0105,ETH-29DEC23-2250-P,0.0105,0.0095,0.015
594,0.0003,2307.91,46.79,ETH,1703393241980,ETH,0.0,72.0,SYN.ETH-26DEC23,2310.5298230007415,300.0,0.000248,54.0,0.0004,0.0002,ETH-26DEC23-2600-C,0.0004,0.0001,0.0004
595,0.00095,2307.91,2488.62,ETH,1703393241980,ETH,0.0,224.0,SYN.ETH-24DEC23,2307.94303833457,-90.0,0.001172,1136.0,0.0012,0.0007,ETH-24DEC23-2300-P,0.0008,0.0004,0.0095
596,0.32025,2307.91,22553.15,ETH,1703393241980,ETH,0.0,53.0,ETH-29MAR24,2388.45,0.0,0.187535,13287.0,0.5,0.1405,ETH-29MAR24-2100-C,0.1845,0.1845,0.1845
597,,2307.91,0.0,ETH,1703393241980,ETH,0.0,0.0,SYN.ETH-12JAN24,2328.81,,0.113692,281.0,0.15,,ETH-12JAN24-2100-C,0.0815,,
598,,2307.91,0.0,ETH,1703393241980,ETH,0.0,0.0,SYN.ETH-23FEB24,2362.8322222222223,,0.162443,122.0,,,ETH-23FEB24-2600-P,0.17,,
599,,2307.91,0.0,ETH,1703393241980,ETH,0.0,0.0,ETH-5JAN24,2322.0,,0.225652,0.0,,,ETH-5JAN24-1800-C,,,
600,0.0125,2307.91,86.68,ETH,1703393241980,ETH,0.0,3.0,ETH-28JUN24,2442.14,0.0,0.012727,13136.0,0.0135,0.0115,ETH-28JUN24-1200-P,0.0125,0.0125,0.0125
601,0.00465,2307.91,398.78,ETH,1703393241981,ETH,0.0,38.0,ETH-26JAN24,2342.59,2.2727,0.00464,6235.0,0.0049,0.0044,ETH-26JAN24-1700-P,0.0045,0.0044,0.005
602,,2307.91,0.0,ETH,1703393241981,ETH,0.0,0.0,SYN.ETH-26DEC23,2310.5298230007415,,0.112882,0.0,,,ETH-26DEC23-2050-C,,,
603,,2307.91,0.0,ETH,1703393241981,ETH,0.0,0.0,ETH-29DEC23,2314.56,,0.382793,0.0,,,ETH-29DEC23-3200-P,,,
604,,2307.91,0.0,ETH,1703393241981,ETH,0.0,0.0,SYN.ETH-26DEC23,2310.5298230007415,,0.06985,0.0,,,ETH-26DEC23-2150-C,,,
605,,2307.91,0.0,ETH,1703393241981,ETH,0.0,0.0,SYN.ETH-24DEC23,2307.94303833457,,0.035939,167.0,,0.017,ETH-24DEC23-2225-C,0.018,,
606,,2307.91,16.06,ETH,1703393241981,ETH,0.0,65.0,ETH-29DEC23,2314.56,0.0,9.3e-05,38583.0,0.0002,,ETH-29DEC23-1600-P,0.0002,0.0001,0.0002
607,,2307.91,573.18,ETH,1703393241981,ETH,0.0,2.0,ETH-26JAN24,2342.45,0.0,0.130768,6638.0,,0.095,ETH-26JAN24-2100-C,0.125,0.125,0.125
608,0.022,2307.91,0.0,ETH,1703393241981,ETH,0.0,0.0,ETH-27SEP24,2483.08,,0.021969,935.0,0.024,0.02,ETH-27SEP24-1200-P,0.0215,,
609,,2307.91,0.0,ETH,1703393241981,ETH,0.0,0.0,ETH-28JUN24,2442.14,,0.275368,129.0,,0.0006,ETH-28JUN24-2800-P,0.2775,,
610,,2307.91,0.0,ETH,1703393241981,ETH,0.0,0.0,ETH-29MAR24,2388.45,,0.494041,696.0,,0.0036,ETH-29MAR24-3500-P,0.5675,,
611,,2307.91,0.0,ETH,1703393241981,ETH,0.0,0.0,ETH-5JAN24,2322.0,,0.251411,0.0,,,ETH-5JAN24-2900-P,,,
612,0.0005,2307.91,0.0,ETH,1703393241981,ETH,0.0,0.0,ETH-28JUN24,2442.14,,0.000152,2110.0,0.0009,0.0001,ETH-28JUN24-200-P,0.0005,,
613,0.00015,2307.91,144.93,ETH,1703393241981,ETH,0.0,196.0,ETH-29DEC23,2314.56,-60.0,0.000191,27283.0,0.0002,0.0001,ETH-29DEC23-1800-P,0.0002,0.0001,0.0005
614,,2307.91,0.0,ETH,1703393241981,ETH,0.0,0.0,ETH-5JAN24,2322.0,,0.057996,32.0,,0.0005,ETH-5JAN24-2400-P,0.0615,,
615,,2307.91,5.03,ETH,1703393241981,ETH,0.0,22.0,SYN.ETH-24DEC23,2307.94303833457,0.0,0.0,204.0,0.0004,,ETH-24DEC23-2125-P,0.0001,0.0001,0.0001
616,0.006,2307.91,1427.76,ETH,1703393241981,ETH,0.0,97.0,SYN.ETH-26DEC23,2310.5298230007415,-54.7368,0.006005,67.0,0.0065,0.0055,ETH-26DEC23-2275-P,0.0043,0.0043,0.0095
617,,2307.91,0.0,ETH,1703393241981,ETH,0.0,0.0,ETH-29DEC23,2314.56,,1e-06,1336.0,0.0001,,ETH-29DEC23-6500-C,0.0001,,
618,0.13225,2307.91,0.0,ETH,1703393241981,ETH,0.0,0.0,SYN.ETH-23FEB24,2362.8322222222223,,0.133428,1050.0,0.134,0.1305,ETH-23FEB24-2500-P,0.131,,
619,0.0019,2307.91,0.0,ETH,1703393241981,ETH,0.0,0.0,ETH-26JAN24,2342.59,,0.001935,67349.0,0.0021,0.0017,ETH-26JAN24-4400-C,0.0022,,
620,,2307.91,0.0,ETH,1703393241981,ETH,0.0,0.0,SYN.ETH-25DEC23,2309.2364306676554,,0.320783,0.0,,,ETH-25DEC23-3050-P,,,
621,,2307.91,0.0,ETH,1703393241981,ETH,0.0,0.0,ETH-5JAN24,2322.0,,0.204529,0.0,,,ETH-5JAN24-1850-C,,,
622,,2307.91,0.0,ETH,1703393241981,ETH,0.0,0.0,ETH-29DEC23,2314.56,,0.0,3651.0,0.0001,,ETH-29DEC23-200-P,0.0001,,
623,0.02875,2307.91,0.0,ETH,1703393241981,ETH,0.0,0.0,ETH-29MAR24,2388.45,,0.028508,15582.0,0.0295,0.028,ETH-29MAR24-3500-C,0.0295,,
624,,2307.91,0.0,ETH,1703393241981,ETH,0.0,0.0,SYN.ETH-25DEC23,2309.2364306676554,,0.147569,0.0,,,ETH-25DEC23-2650-P,,,
625,,2307.91,0.0,ETH,1703393241981,ETH,0.0,0.0,ETH-28JUN24,2442.14,,0.918249,0.0,,,ETH-28JUN24-200-C,,,
626,0.18,2307.91,0.0,ETH,1703393241981,ETH,0.0,0.0,ETH-29DEC23,2314.56,,0.179384,110113.0,0.182,0.178,ETH-29DEC23-1900-C,0.1835,,
627,0.30925,2307.91,0.0,ETH,1703393241981,ETH,0.0,0.0,ETH-29DEC23,2314.56,,0.308772,33288.0,0.311,0.3075,ETH-29DEC23-1600-C,0.3125,,
628,0.0004,2307.91,96.26,ETH,1703393241981,ETH,0.0,184.0,SYN.ETH-26DEC23,2310.5298230007415,0.0,0.000355,134.0,0.0006,0.0002,ETH-26DEC23-2100-P,0.0003,0.0002,0.0003
629,,2307.91,0.0,ETH,1703393241981,ETH,0.0,0.0,SYN.ETH-23FEB24,2362.8322222222223,,0.617058,0.0,,,ETH-23FEB24-3800-P,,,
630,0.0075,2307.91,16485.42,ETH,1703393241981,ETH,0.0,1055.0,ETH-29MAR24,2388.45,-16.25,0.007242,8676.0,0.008,0.007,ETH-29MAR24-5000-C,0.0067,0.0067,0.008
631,0.02325,2307.91,0.0,ETH,1703393241981,ETH,0.0,0.0,ETH-27SEP24,2483.08,,0.023407,366.0,0.025,0.0215,ETH-27SEP24-7500-C,0.0215,,
632,,2307.91,5545.37,ETH,1703393241981,ETH,0.0,8.0,ETH-29MAR24,2388.45,3.3333,0.310402,9417.0,0.335,,ETH-29MAR24-1700-C,0.31,0.3,0.31
633,0.00465,2307.91,4494.17,ETH,1703393241981,ETH,0.0,469.0,SYN.ETH-26DEC23,2310.5298230007415,181.25,0.004612,400.0,0.005,0.0043,ETH-26DEC23-2375-C,0.0045,0.0016,0.0055
634,,2307.91,0.0,ETH,1703393241981,ETH,0.0,0.0,ETH-28JUN24,2442.14,,0.336767,1807.0,,,ETH-28JUN24-3000-P,0.3495,,
635,,2307.91,0.0,ETH,1703393241981,ETH,0.0,0.0,SYN.ETH-23FEB24,2362.8322222222223,,0.336491,0.0,,,ETH-23FEB24-3100-P,,,
636,0.01725,2307.91,147.46,ETH,1703393241981,ETH,0.0,4.0,ETH-29MAR24,2388.45,0.0,0.01695,5223.0,0.018,0.0165,ETH-29MAR24-4000-C,0.016,0.016,0.016
637,0.00025,2307.91,0.0,ETH,1703393241981,ETH,0.0,0.0,ETH-5JAN24,2322.0,,0.00024,10.0,0.0003,0.0002,ETH-5JAN24-3600-C,0.0006,,
638,0.0265,2307.91,141603.5,ETH,1703393241981,ETH,0.0,2625.0,ETH-29DEC23,2314.56,37.2093,0.026115,99014.0,0.0275,0.0255,ETH-29DEC23-2300-C,0.0295,0.021,0.0295
639,0.0004,2307.91,0.0,ETH,1703393241981,ETH,0.0,0.0,ETH-5JAN24,2322.0,,0.000188,1.0,0.0007,0.0001,ETH-5JAN24-1400-P,0.0007,,
640,0.034,2307.91,19149.38,ETH,1703393241981,ETH,0.0,266.0,SYN.ETH-12JAN24,2328.81,16.6667,0.033719,13396.0,0.0345,0.0335,ETH-12JAN24-2450-C,0.035,0.0285,0.036
641,0.0008,2307.91,103.88,ETH,1703393241981,ETH,0.0,101.0,ETH-27SEP24,2483.08,-20.0,0.000731,196.0,0.0012,0.0004,ETH-27SEP24-200-P,0.0004,0.0004,0.0005
642,,2307.91,0.0,ETH,1703393241981,ETH,0.0,0.0,ETH-29DEC23,2314.56,,0.438361,665.0,,,ETH-29DEC23-1300-C,0.442,,
643,,2307.91,0.0,ETH,1703393241981,ETH,0.0,0.0,SYN.ETH-25DEC23,2309.2364306676554,,1e-06,0.0,0.0004,,ETH-25DEC23-2700-C,,,
644,0.0006,2307.91,151.3,ETH,1703393241981,ETH,0.0,88.0,SYN.ETH-26DEC23,2310.5298230007415,-54.5455,0.000585,84.0,0.0008,0.0004,ETH-26DEC23-2175-P,0.0005,0.0005,0.0011
645,,2307.91,0.0,ETH,1703393241981,ETH,0.0,0.0,SYN.ETH-12JAN24,2328.81,,0.462082,0.0,,,ETH-12JAN24-3400-P,,,
646,,2307.91,0.0,ETH,1703393241981,ETH,0.0,0.0,ETH-26JAN24,2342.45,,1.562024,0.0,,,ETH-26JAN24-6000-P,,,
647,,2307.91,0.0,ETH,1703393241981,ETH,0.0,0.0,ETH-27SEP24,2483.08,,0.471852,1.0,,,ETH-27SEP24-1400-C,0.4485,,
648,0.00225,2307.91,0.0,ETH,1703393241981,ETH,0.0,0.0,ETH-29MAR24,2388.45,,0.002235,4060.0,0.0027,0.0018,ETH-29MAR24-7500-C,0.0035,,
649,,2307.91,0.0,ETH,1703393241981,ETH,0.0,0.0,SYN.ETH-25DEC23,2309.2364306676554,,0.0,0.0,0.0001,,ETH-25DEC23-2900-C,,,
650,0.0545,2307.91,0.0,ETH,1703393241981,ETH,0.0,0.0,ETH-27SEP24,2483.08,,0.054562,410.0,0.057,0.052,ETH-27SEP24-1600-P,0.059,,
651,,2307.91,0.0,ETH,1703393241981,ETH,0.0,0.0,ETH-26JAN24,2342.59,,0.795292,0.0,,,ETH-26JAN24-4200-P,,,
652,0.02025,2307.91,0.0,ETH,1703393241981,ETH,0.0,0.0,ETH-27SEP24,2483.08,,0.020359,537.0,0.0215,0.019,ETH-27SEP24-8000-C,0.0215,,
653,0.06075,2307.91,56559.97,ETH,1703393241981,ETH,0.0,397.0,ETH-26JAN24,2342.59,-8.3333,0.060888,3822.0,0.061,0.0605,ETH-26JAN24-2300-P,0.0605,0.0575,0.0665
654,,2307.91,0.0,ETH,1703393241981,ETH,0.0,0.0,SYN.ETH-12JAN24,2328.81,,0.135786,0.0,,,ETH-12JAN24-2600-P,,,
655,0.00535,2307.91,0.0,ETH,1703393241981,ETH,0.0,0.0,ETH-29MAR24,2388.45,,0.005374,3874.0,0.006,0.0047,ETH-29MAR24-5500-C,0.006,,
656,,2307.91,0.0,ETH,1703393241981,ETH,0.0,0.0,SYN.ETH-24DEC23,2307.94303833457,,0.148209,0.0,,,ETH-24DEC23-2650-P,,,
657,,2307.91,0.0,ETH,1703393241981,ETH,0.0,0.0,ETH-26JAN24,2342.59,,0.880318,0.0,,,ETH-26JAN24-4400-P,,,
658,0.017,2307.91,46886.0,ETH,1703393241981,ETH,0.0,1238.0,ETH-29DEC23,2314.56,50.0,0.016942,7649.0,0.0175,0.0165,ETH-29DEC23-2350-C,0.0195,0.013,0.0195
659,,2307.91,0.0,ETH,1703393241981,ETH,0.0,0.0,ETH-29MAR24,2388.45,,1.933757,0.0,,,ETH-29MAR24-7000-P,,,
660,,2307.91,0.0,ETH,1703393241981,ETH,0.0,0.0,ETH-28JUN24,2442.14,,0.484731,6500.0,,,ETH-28JUN24-1300-C,0.346,,
661,0.02925,2307.91,0.0,ETH,1703393241981,ETH,0.0,0.0,ETH-28JUN24,2442.14,,0.029451,6361.0,0.031,0.0275,ETH-28JUN24-1500-P,0.0285,,
662,,2307.91,0.0,ETH,1703393241981,ETH,0.0,0.0,SYN.ETH-24DEC23,2307.94303833457,,0.061582,0.0,,0.0005,ETH-24DEC23-2450-P,,,
663,,2307.91,76.95,ETH,1703393241981,ETH,0.0,183.0,SYN.ETH-24DEC23,2307.94303833457,-50.0,0.0,303.0,0.0002,,ETH-24DEC23-2175-P,0.0001,0.0001,0.0002
664,0.00055,2307.91,1353.11,ETH,1703393241981,ETH,0.0,432.0,SYN.ETH-24DEC23,2307.94303833457,-57.8947,0.0004,1657.0,0.0009,0.0002,ETH-24DEC23-2325-C,0.0008,0.0003,0.0031
665,,2307.91,0.0,ETH,1703393241981,ETH,0.0,0.0,ETH-28JUN24,2442.14,,0.687328,59.0,,0.0008,ETH-28JUN24-4000-P,0.81,,
666,0.05375,2307.91,28566.88,ETH,1703393241981,ETH,0.0,250.0,ETH-29MAR24,2388.45,0.0,0.05348,72158.0,0.0545,0.053,ETH-29MAR24-3000-C,0.0499,0.0499,0.0499
667,0.0002,2307.91,0.0,ETH,1703393241981,ETH,0.0,0.0,ETH-5JAN24,2322.0,,0.000174,3.0,0.0003,0.0001,ETH-5JAN24-4000-C,0.0004,,
668,,2307.91,0.0,ETH,1703393241981,ETH,0.0,0.0,ETH-26JAN24,2342.59,,0.710313,0.0,,,ETH-26JAN24-4000-P,,,
669,,2307.91,0.0,ETH,1703393241981,ETH,0.0,0.0,ETH-5JAN24,2322.0,,0.084867,238.0,,,ETH-5JAN24-2150-C,0.0535,,
670,,2307.91,0.0,ETH,1703393241981,ETH,0.0,0.0,ETH-28JUN24,2442.14,,1.073688,18.0,,,ETH-28JUN24-5000-P,1.065,,
671,,2307.91,0.0,ETH,1703393241981,ETH,0.0,0.0,SYN.ETH-25DEC23,2309.2364306676554,,0.169219,0.0,,,ETH-25DEC23-2700-P,,,
672,0.11625,2307.91,0.0,ETH,1703393241981,ETH,0.0,0.0,ETH-29DEC23,2314.56,,0.115544,0.0,0.122,0.1105,ETH-29DEC23-2050-C,,,
673,0.04925,2307.91,0.0,ETH,1703393241981,ETH,0.0,0.0,ETH-28JUN24,2442.14,,0.049253,22373.0,0.051,0.0475,ETH-28JUN24-4000-C,0.0535,,
674,,2307.91,0.0,ETH,1703393241981,ETH,0.0,0.0,ETH-28JUN24,2442.14,,0.294022,5982.0,,0.0002,ETH-28JUN24-1900-C,0.3,,
675,0.00155,2307.91,0.0,ETH,1703393241981,ETH,0.0,0.0,ETH-26JAN24,2342.59,,0.001622,2191.0,0.0017,0.0014,ETH-26JAN24-1400-P,0.0017,,
676,,2307.91,0.0,ETH,1703393241981,ETH,0.0,0.0,SYN.ETH-12JAN24,2328.81,,0.212052,0.0,,,ETH-12JAN24-2800-P,,,
677,0.00165,2307.91,193.68,ETH,1703393241981,ETH,0.0,47.0,SYN.ETH-26DEC23,2310.5298230007415,375.0,0.001677,45.0,0.0019,0.0014,ETH-26DEC23-2450-C,0.0019,0.0004,0.0019
678,,2307.91,0.0,ETH,1703393241981,ETH,0.0,0.0,SYN.ETH-26DEC23,2310.5298230007415,,2.8e-05,0.0,0.0004,,ETH-26DEC23-2000-P,,,
679,,2307.91,0.0,ETH,1703393241981,ETH,0.0,0.0,SYN.ETH-25DEC23,2309.2364306676554,,0.058412,0.0,,0.0005,ETH-25DEC23-2175-C,,,
680,0.001,2307.91,9.17,ETH,1703393241982,ETH,0.0,4.0,ETH-26JAN24,2342.59,0.0,0.00111,1620.0,0.0012,0.0008,ETH-26JAN24-1300-P,0.001,0.001,0.001
681,,2307.91,2.98,ETH,1703393241982,ETH,0.0,13.0,ETH-29DEC23,2314.56,0.0,4.9e-05,56363.0,0.0001,,ETH-29DEC23-1400-P,0.0001,0.0001,0.0001
682,,2307.91,0.0,ETH,1703393241982,ETH,0.0,0.0,ETH-27SEP24,2483.08,,0.355522,1134.0,0.384,,ETH-27SEP24-1800-C,0.3555,,
683,,2307.91,0.0,ETH,1703393241982,ETH,0.0,0.0,ETH-29DEC23,2314.56,,0.944343,0.0,,,ETH-29DEC23-4500-P,,,
684,0.0625,2307.91,13394.02,ETH,1703393241982,ETH,0.0,94.0,SYN.ETH-23FEB24,2362.8322222222223,2.459,0.062069,5775.0,0.0635,0.0615,ETH-23FEB24-2600-C,0.0625,0.06,0.0625
685,0.0003,2307.91,0.0,ETH,1703393241982,ETH,0.0,0.0,ETH-26JAN24,2342.59,,0.000165,55.0,0.0005,0.0001,ETH-26JAN24-800-P,0.0002,,
686,,2307.91,2491.83,ETH,1703393241982,ETH,0.0,2.0,ETH-29DEC23,2314.42,0.4625,0.524721,56.0,,,ETH-29DEC23-1100-C,0.543,0.5405,0.543
687,,2307.91,1.61,ETH,1703393241982,ETH,0.0,7.0,ETH-5JAN24,2322.0,0.0,4.1e-05,7.0,0.0003,,ETH-5JAN24-1000-P,0.0001,0.0001,0.0001
688,,2307.91,0.0,ETH,1703393241982,ETH,0.0,0.0,SYN.ETH-26DEC23,2310.5298230007415,,4e-06,0.0,0.0004,,ETH-26DEC23-1950-P,,,
689,,2307.91,0.0,ETH,1703393241982,ETH,0.0,0.0,SYN.ETH-24DEC23,2307.94303833457,,1e-06,238.0,0.0002,,ETH-24DEC23-2500-C,0.0001,,
690,,2307.91,0.0,ETH,1703393241982,ETH,0.0,0.0,SYN.ETH-24DEC23,2307.94303833457,,0.068435,0.0,,,ETH-24DEC23-2150-C,,,
691,,2307.91,0.0,ETH,1703393241982,ETH,0.0,0.0,ETH-5JAN24,2322.0,,0.000133,0.0,0.0005,,ETH-5JAN24-1100-P,,,
692,0.00045,2307.91,22.01,ETH,1703393241982,ETH,0.0,24.0,ETH-5JAN24,2322.0,0.0,0.000506,103.0,0.0005,0.0004,ETH-5JAN24-1600-P,0.0004,0.0004,0.0004
693,,2307.91,0.0,ETH,1703393241982,ETH,0.0,0.0,ETH-5JAN24,2322.0,,0.000107,230.0,0.0003,,ETH-5JAN24-4200-C,0.0005,,
694,,2307.91,0.0,ETH,1703393241982,ETH,0.0,0.0,ETH-29MAR24,2388.45,,1.72495,0.0,,,ETH-29MAR24-6500-P,,,
695,,2307.91,0.0,ETH,1703393241982,ETH,0.0,0.0,SYN.ETH-25DEC23,2309.2364306676554,,0.093537,0.0,,,ETH-25DEC23-2525-P,,,
696,0.07125,2307.91,24836.32,ETH,1703393241982,ETH,0.0,156.0,SYN.ETH-12JAN24,2328.81,-1.4388,0.071285,376.0,0.072,0.0705,ETH-12JAN24-2400-P,0.0685,0.0685,0.0695
697,0.01025,2307.91,0.0,ETH,1703393241982,ETH,0.0,0.0,SYN.ETH-23FEB24,2362.8322222222223,,0.01005,1726.0,0.011,0.0095,ETH-23FEB24-3700-C,0.011,,
698,0.1675,2307.91,0.0,ETH,1703393241982,ETH,0.0,0.0,ETH-28JUN24,2442.14,,0.167506,943.0,0.1705,0.1645,ETH-28JUN24-2400-P,0.206,,
699,,2307.91,0.0,ETH,1703393241982,ETH,0.0,0.0,SYN.ETH-23FEB24,2362.8322222222223,,0.534993,1.0,,,ETH-23FEB24-3600-P,0.6985,,
700,0.19725,2307.91,0.0,ETH,1703393241982,ETH,0.0,0.0,ETH-27SEP24,2483.08,,0.197443,777.0,0.2005,0.194,ETH-27SEP24-2600-C,0.1946,,
701,,2307.91,0.0,ETH,1703393241982,ETH,0.0,0.0,SYN.ETH-25DEC23,2309.2364306676554,,0.212522,0.0,,,ETH-25DEC23-2800-P,,,
702,,2307.91,0.0,ETH,1703393241982,ETH,0.0,0.0,ETH-27SEP24,2483.08,,0.879454,27.0,,,ETH-27SEP24-4500-P,0.8915,,
703,0.00335,2307.91,170.21,ETH,1703393241982,ETH,0.0,20.0,SYN.ETH-26DEC23,2310.5298230007415,5.8824,0.003366,14.0,0.0036,0.0031,ETH-26DEC23-2250-P,0.0036,0.0032,0.0045
704,,2307.91,0.0,ETH,1703393241982,ETH,0.0,0.0,SYN.ETH-24DEC23,2307.94303833457,,0.0,0.0,0.0004,,ETH-24DEC23-2950-C,,,
705,,2307.91,0.0,ETH,1703393241982,ETH,0.0,0.0,SYN.ETH-23FEB24,2362.8322222222223,,0.493864,0.0,,,ETH-23FEB24-1200-C,,,
706,0.01075,2307.91,41984.23,ETH,1703393241982,ETH,0.0,1754.0,ETH-29DEC23,2314.56,22.2222,0.010878,65305.0,0.011,0.0105,ETH-29DEC23-2400-C,0.011,0.0085,0.0135
707,0.223,2307.91,0.0,ETH,1703393241982,ETH,0.0,0.0,ETH-29DEC23,2314.56,,0.222455,50570.0,0.225,0.221,ETH-29DEC23-1800-C,0.2295,,
708,,2307.91,0.0,ETH,1703393241982,ETH,0.0,0.0,SYN.ETH-23FEB24,2362.8322222222223,,0.53556,0.0,,,ETH-23FEB24-1100-C,,,
709,,2307.91,0.0,ETH,1703393241982,ETH,0.0,0.0,ETH-29MAR24,2388.45,,2.142662,0.0,,,ETH-29MAR24-7500-P,,,
710,,2307.91,0.0,ETH,1703393241982,ETH,0.0,0.0,SYN.ETH-23FEB24,2362.8322222222223,,0.227243,0.0,,,ETH-23FEB24-2800-P,,,
711,,2307.91,0.0,ETH,1703393241982,ETH,0.0,0.0,ETH-29DEC23,2314.56,,0.296442,733.0,,,ETH-29DEC23-3000-P,0.426,,
712,,2307.91,0.0,ETH,1703393241982,ETH,0.0,0.0,SYN.ETH-23FEB24,2362.8322222222223,,1.034801,0.0,,,ETH-23FEB24-4800-P,,,
713,0.00015,2307.91,116.33,ETH,1703393241982,ETH,0.0,123.0,SYN.ETH-25DEC23,2309.2364306676554,-50.0,0.000281,181.0,0.0002,0.0001,ETH-25DEC23-2175-P,0.0003,0.0003,0.0006
714,0.0009,2307.91,0.0,ETH,1703393241982,ETH,0.0,0.0,ETH-28JUN24,2442.14,,0.000909,402.0,0.0015,0.0003,ETH-28JUN24-500-P,0.0015,,
715,0.0465,2307.91,0.0,ETH,1703393241982,ETH,0.0,0.0,SYN.ETH-26DEC23,2310.5298230007415,,0.051786,0.0,0.063,0.03,ETH-26DEC23-2425-P,,,
716,,2307.91,0.0,ETH,1703393241982,ETH,0.0,0.0,SYN.ETH-23FEB24,2362.8322222222223,,0.45243,0.0,,,ETH-23FEB24-1300-C,,,
717,,2307.91,0.0,ETH,1703393241982,ETH,0.0,0.0,SYN.ETH-24DEC23,2307.94303833457,,0.191537,0.0,,,ETH-24DEC23-2750-P,,,
