,mini,maxi,price,feeusd
0,1900.0,2250.0,2014.4908453871908,0.047486954580913156
1,1900.0,2250.0,2021.1555336804936,0.05942525813860878
2,1900.0,2250.0,2027.4941681763328,0.09627689894828664
3,1900.0,2250.0,2033.9646240668296,0.03803772187599744
4,1900.0,2250.0,2027.7576451725115,0.05653881963300668
5,1900.0,2250.0,2027.046065345868,0.054616848909761005
6,1900.0,2250.0,2026.411557163137,0.05339358087706375
7,1900.0,2250.0,2019.332145797278,0.12247041360285767
8,1900.0,2250.0,1998.6379830182225,0.12243431916763571
9,1900.0,2250.0,2013.034234664577,0.10654482913853736
10,1900.0,2250.0,2014.9912874249508,0.06478722811303593
11,1900.0,2250.0,2007.0927809375585,0.04940838747063842
12,1900.0,2250.0,2018.8261237102872,0.05985847976391827
13,1900.0,2250.0,2019.579537485528,0.06070565613805926
14,1900.0,2250.0,2027.856391385763,0.05259988980310062
15,1900.0,2250.0,2022.7082084537683,0.14928272818868937
16,1900.0,2250.0,2035.8336861526031,0.08802665955557074
17,1900.0,2250.0,2032.0823261168912,0.12845275794744232
18,1900.0,2250.0,2037.3054152466,0.20514144714621455
19,1900.0,2250.0,2057.532166307368,0.3178987181972244
20,1900.0,2250.0,2072.2540475465403,0.14677993337882098
21,1900.0,2250.0,2057.470900384291,0.1578543798600877
22,1900.0,2250.0,2060.769647007464,0.2237694052240615
23,1900.0,2250.0,2065.1765886071057,0.06640093186988894
24,1900.0,2250.0,2055.7975661985843,0.0886928435917309
25,1900.0,2250.0,2049.5616661461754,0.08874001607699346
26,1900.0,2250.0,2048.8236697934108,0.06722316285645424
27,1900.0,2250.0,2051.6573536799992,0.09052552786228729
28,1900.0,2250.0,2052.880729822999,0.04219276318680915
29,1900.0,2250.0,2051.576389991592,0.05038261497465801
30,1900.0,2250.0,2052.9358598935164,0.024539664511259992
31,1900.0,2250.0,2054.593532336477,0.04308930767219615
32,1900.0,2250.0,2053.3577667598,0.13692416987423775
33,1900.0,2250.0,2063.1796017093093,0.05213513002958308
34,1900.0,2250.0,2058.7320710631343,0.07245775628811005
35,1900.0,2250.0,2071.3784086072988,0.11347638415146871
36,1900.0,2250.0,2066.1869540873067,0.1232397268492765
37,1900.0,2250.0,2048.7745854744608,0.07017240183007303
38,1900.0,2250.0,2054.880541928596,0.07102010102113215
39,1900.0,2250.0,2055.644855465256,0.0810177082536574
40,1900.0,2250.0,2055.966068788296,0.17511408934922493
41,1900.0,2250.0,2038.3335299523512,0.17182666992786794
42,1900.0,2250.0,2033.2085274704928,0.14589960013898332
43,1900.0,2250.0,2027.3964659158185,0.09297209811526498
44,1900.0,2250.0,2034.6153750905269,0.09699972365852551
45,1900.0,2250.0,2037.3468606699244,0.1605130053936908
46,1900.0,2250.0,2038.894090720768,0.0973221431661429
47,1900.0,2250.0,2025.2485827204432,0.07257873672167978
48,1900.0,2250.0,2028.4789205509985,0.030417682585087806
49,1900.0,2250.0,2030.1263899296769,0.06513995894900329
50,1900.0,2250.0,2028.452295030432,0.07209217280974253
51,1900.0,2250.0,2027.919856907884,0.06348302706672189
52,1900.0,2250.0,2026.5948074142632,0.056398633831571225
53,1900.0,2250.0,2036.209953214818,0.05058118667802706
54,1900.0,2250.0,2039.7224009255,0.07952785238674911
55,1900.0,2250.0,2036.6072177707251,0.06360427344250637
56,1900.0,2250.0,2033.8067657724664,0.04314328732170344
57,1900.0,2250.0,2034.4718132700443,0.03916667251225503
58,1900.0,2250.0,2034.865363482892,0.0985172940766581
59,1900.0,2250.0,2025.5594940829403,0.07361507286302588
60,1900.0,2250.0,2028.8430693630871,0.039606916667404776
61,1900.0,2250.0,2031.498336308872,0.06553394710620572
62,1900.0,2250.0,2045.377274988409,0.06462781297238927
63,1900.0,2250.0,2045.7409507766072,0.1280850971698085
64,1900.0,2250.0,2035.83607327702,0.1082856876021951
65,1900.0,2250.0,2031.2530103553984,0.1239016463880318
66,1900.0,2250.0,2031.9352255018343,0.06998704756449792
67,1900.0,2250.0,2035.8881792862448,0.053757601089547156
68,1900.0,2250.0,2038.9551949704105,0.0359335870529245
69,1900.0,2250.0,2038.8231770398872,0.03353157983713441
70,1900.0,2250.0,2041.9214737612544,0.025607188258941843
71,1900.0,2250.0,2044.340240808012,0.04068981833392234
72,1900.0,2250.0,2047.050776996396,0.0683601443235058
73,1900.0,2250.0,2045.1410116220077,0.0880297613878593
74,1900.0,2250.0,2052.277042837927,0.061895502721018104
75,1900.0,2250.0,2049.2916268461245,0.26589717987723976
76,1900.0,2250.0,2089.345134768648,0.11150320694398132
77,1900.0,2250.0,2086.764551430812,0.09338001307634922
78,1900.0,2250.0,2091.5714475264954,0.1081166842557662
79,1900.0,2250.0,2095.0012261772504,0.07054359680719964
80,1900.0,2250.0,2091.9953373516705,0.0638283039594103
81,1900.0,2250.0,2092.9119324501617,0.14420587525434472
82,1900.0,2250.0,2094.2976829370173,0.06196939267541151
83,1900.0,2250.0,2095.2793615279343,0.18677423246805347
84,2037.3323751385642,2281.096302275475,2104.8050283800503,0.13951533992245002
85,2037.3323751385642,2281.096302275475,2091.702548846891,0.11009071813137572
86,2037.3323751385642,2281.096302275475,2094.502420920979,0.13673304825866742
87,2037.3323751385642,2281.096302275475,2087.581807845195,0.11052057912850595
88,2037.3323751385642,2281.096302275475,2080.89127381282,0.16694242178318353
89,2037.3323751385642,2281.096302275475,2078.43063703022,0.15440342645499514
90,2037.3323751385642,2281.096302275475,2080.651223262324,0.36013802910357084
91,2037.3323751385642,2281.096302275475,2106.9902555084304,0.1623614651170207
92,2037.3323751385642,2281.096302275475,2094.016516394209,0.13149808514125982
93,2037.3323751385642,2281.096302275475,2092.4305878447103,0.1090847626573613
94,2037.3323751385642,2281.096302275475,2090.2469267476213,0.06946648272575365
95,2037.3323751385642,2281.096302275475,2091.189531731702,0.06327645401621954
96,2037.3323751385642,2281.096302275475,2091.44704441663,0.0609646854498336
97,2037.3323751385642,2281.096302275475,2085.2168732062537,0.01967140853944956
98,2037.3323751385642,2281.096302275475,2087.030589744184,0.05831810659646367
99,2037.3323751385642,2281.096302275475,2092.6097352222705,0.0638438590310379
100,2037.3323751385642,2281.096302275475,2095.19813121162,0.05954760843483673
101,2037.3323751385642,2281.096302275475,2091.990662917123,0.022357855984167247
102,2037.3323751385642,2281.096302275475,2093.8963881153786,0.03902127071018876
103,2037.3323751385642,2281.096302275475,2094.9193497626147,0.02740516129402152
104,2037.3323751385642,2281.096302275475,2096.053096939091,0.07023876542348019
105,2037.3323751385642,2281.096302275475,2102.8218678776725,0.07604898244000323
106,2037.3323751385642,2281.096302275475,2097.887471828258,0.05380257387404191
107,2037.3323751385642,2281.096302275475,2101.5494242528503,0.039856894125777975
108,2037.3323751385642,2281.096302275475,2103.9545588259243,0.054916052145645315
109,2037.3323751385642,2281.096302275475,2103.007056197193,0.029993333370653314
110,2037.3323751385642,2281.096302275475,2100.8337470742085,0.046858938287567035
111,2037.3323751385642,2281.096302275475,2105.374830084803,0.048047008623110746
112,2037.3323751385642,2281.096302275475,2105.919792544054,0.10037690848917699
113,2037.3323751385642,2281.096302275475,2101.039419774567,0.14831188546015686
114,2037.3323751385642,2281.096302275475,2105.391058359705,0.041995390352902846
115,2037.3323751385642,2281.096302275475,2099.5591507343825,0.05179791369470926
116,2037.3323751385642,2281.096302275475,2105.958289320449,0.5292164162467601
117,2037.3323751385642,2281.096302275475,2148.627635549229,1.4943873147974682
118,2037.3323751385642,2281.096302275475,2158.797823652534,0.20705736522880697
119,2037.3323751385642,2281.096302275475,2157.2256904046585,0.214038026869604
120,2037.3323751385642,2281.096302275475,2170.276153300513,0.199132091112904
121,2037.3323751385642,2281.096302275475,2157.671443963716,0.07683829310598524
122,2037.3323751385642,2281.096302275475,2165.283259446375,0.12676661269762066
123,2037.3323751385642,2281.096302275475,2166.8838793804694,0.08874966705015766
124,2037.3323751385642,2281.096302275475,2170.323853460084,0.15105761868752413
125,2037.3323751385642,2281.096302275475,2165.352360570224,0.08904331240514853
126,2037.3323751385642,2281.096302275475,2161.41201184677,0.14714959601534505
127,2037.3323751385642,2281.096302275475,2157.8789101463763,0.04438084838990151
128,2037.3323751385642,2281.096302275475,2161.2887294493808,0.048594887824312025
129,2037.3323751385642,2281.096302275475,2157.74879992278,0.06327682658730349
130,2037.3323751385642,2281.096302275475,2165.450969679991,0.06965691669168245
131,2037.3323751385642,2281.096302275475,2162.4314131579017,0.06952714504170407
132,2037.3323751385642,2281.096302275475,2167.016710053623,0.07423064788767818
133,2037.3323751385642,2281.096302275475,2167.736469292016,0.052013857884110525
134,2037.3323751385642,2281.096302275475,2160.0082863022003,0.06271852533385452
135,2037.3323751385642,2281.096302275475,2153.647619669256,0.1853963531918144
136,2037.3323751385642,2281.096302275475,2163.8557096041827,0.17414805097001956
137,2037.3323751385642,2281.096302275475,2154.242531140564,0.11864672706412902
138,2037.3323751385642,2281.096302275475,2161.851343200329,0.1373642283786613
139,2037.3323751385642,2281.096302275475,2161.639990964776,0.07168671955223974
140,2037.3323751385642,2281.096302275475,2154.6930563119004,0.05764099493128273
141,2037.3323751385642,2281.096302275475,2162.803175696325,0.07272492033219602
142,2037.3323751385642,2281.096302275475,2167.2188574759675,0.08751054949465395
143,2037.3323751385642,2281.096302275475,2168.586447335313,0.14997980036456823
144,2037.3323751385642,2281.096302275475,2182.9421773631343,0.8434146679101174
145,2135.295714109555,2385.582929468502,2207.531616979981,0.35831642095320826
146,2135.295714109555,2385.582929468502,2193.7192454065957,0.2605796632946496
147,2135.295714109555,2385.582929468502,2211.4488495587752,0.5598426183621147
148,2135.295714109555,2385.582929468502,2215.40933317823,0.24384774511670615
149,2135.295714109555,2385.582929468502,2213.1317179710686,0.45011908909895754
150,2135.295714109555,2385.582929468502,2212.5992804790667,0.4490737713837608
151,2135.295714109555,2385.582929468502,2223.816333312574,0.8186669672406086
152,2135.295714109555,2385.582929468502,2246.686466182123,1.005053579135411
153,2135.295714109555,2385.582929468502,2248.1499130287348,0.36407324656660356
154,2135.295714109555,2385.582929468502,2247.046462629669,0.4307850919700574
155,2135.295714109555,2385.582929468502,2255.659396043886,0.7386303088257601
156,2135.295714109555,2385.582929468502,2247.91395884897,0.7862845731301981
157,2135.295714109555,2385.582929468502,2264.6837041850927,1.3938769780368396
158,2135.295714109555,2385.582929468502,2237.7877854062995,0.8407520652947992
159,2135.295714109555,2385.582929468502,2254.8872646813475,0.4786341775482039
160,2135.295714109555,2385.582929468502,2239.8177479056594,0.5733517940178097
161,2135.295714109555,2385.582929468502,2226.0691042394124,0.7805672834198675
162,2135.295714109555,2385.582929468502,2211.5098085251475,0.4955389858884277
163,2135.295714109555,2385.582929468502,2224.5436727879637,0.2065356502171976
164,2135.295714109555,2385.582929468502,2218.179263733042,0.13463568697100534
165,2135.295714109555,2385.582929468502,2223.500803537737,0.35249189326052005
166,2135.295714109555,2385.582929468502,2233.672872380576,0.11701905900798154
167,2135.295714109555,2385.582929468502,2229.8092152460763,0.11602945587715434
168,2135.295714109555,2385.582929468502,2233.725712619517,0.7306760040561715
169,2135.295714109555,2385.582929468502,2227.1228432746443,0.19322789721432704
170,2135.295714109555,2385.582929468502,2242.605607971329,0.3477945156287822
171,2135.295714109555,2385.582929468502,2251.956452649167,0.2976742895184352
172,2135.295714109555,2385.582929468502,2241.098343297134,0.21349816318406598
173,2135.295714109555,2385.582929468502,2228.024905787297,0.11177905587301899
174,2135.295714109555,2385.582929468502,2230.063988910526,0.1350544160527067
175,2135.295714109555,2385.582929468502,2227.3547318955807,0.11318006391994744
176,2135.295714109555,2385.582929468502,2235.2395870081123,0.11620406993044818
177,2135.295714109555,2385.582929468502,2230.5757930976965,0.46271887742781154
178,2135.295714109555,2385.582929468502,2200.5704817171254,0.37327299886836235
179,2135.295714109555,2385.582929468502,2201.5058169115086,0.11204255438679253
180,2135.295714109555,2385.582929468502,2207.9935831603248,0.15523880514196423
181,2135.295714109555,2385.582929468502,2199.4196031079027,0.27583639086846495
182,2135.295714109555,2385.582929468502,2205.121748132721,0.1699817420690594
183,2135.295714109555,2385.582929468502,2211.895216017747,0.238484926175607
184,2135.295714109555,2385.582929468502,2201.099334184876,0.2673267291402061
185,2135.295714109555,2385.582929468502,2215.839904465684,0.3722231035356429
186,2135.295714109555,2385.582929468502,2229.530756265073,0.47529618922012457
187,2135.295714109555,2385.582929468502,2234.678346677515,1.623350669524216
188,2135.295714109555,2385.582929468502,2292.654395962446,1.022766543661778
189,2135.295714109555,2385.582929468502,2281.3241966891837,0.5814245304708882
190,2135.295714109555,2385.582929468502,2270.8589514452465,0.4337235114141663
191,2135.295714109555,2385.582929468502,2264.847584163524,0.39175291746819313
192,2135.295714109555,2385.582929468502,2274.7652764658387,0.8190583462115284
193,2135.295714109555,2385.582929468502,2281.7543475142816,0.4105887654183134
194,2135.295714109555,2385.582929468502,2292.4337393241826,0.5106652798332075
195,2228.122925144372,2487.643855868529,2309.455660576952,0.4474950075668705
196,2228.122925144372,2487.643855868529,2293.422075117656,0.5009589953362088
197,2228.122925144372,2487.643855868529,2290.6355656256765,0.17314571563718095
198,2228.122925144372,2487.643855868529,2282.496372887448,0.19802408420739506
199,2228.122925144372,2487.643855868529,2279.68158757485,0.30594447952453263
200,2228.122925144372,2487.643855868529,2268.060753864951,0.19249748270711695
201,2228.122925144372,2487.643855868529,2274.008006698783,0.17452828630697845
202,2228.122925144372,2487.643855868529,2266.4249383573656,0.21248567378224648
203,2228.122925144372,2487.643855868529,2279.873368212693,0.14847273798242147
204,2228.122925144372,2487.643855868529,2273.4662105239104,0.3322467560601777
205,2228.122925144372,2487.643855868529,2275.9706036244484,0.7399397015429954
206,2228.122925144372,2487.643855868529,2252.4242506319674,0.2103400880802986
207,2228.122925144372,2487.643855868529,2263.68462672597,0.19491505467371972
208,2228.122925144372,2487.643855868529,2261.2424240720125,0.306679962159653
209,2228.122925144372,2487.643855868529,2254.8340151206967,0.5694288718091727
210,2228.122925144372,2487.643855868529,2252.136956557953,0.2543362435500317
211,2228.122925144372,2487.643855868529,2266.579409846788,0.23173322168461927
212,2228.122925144372,2487.643855868529,2268.6722618075387,0.12642181215043105
213,2228.122925144372,2487.643855868529,2271.9907925731254,0.20849590531562465
214,2228.122925144372,2487.643855868529,2263.7242829848688,0.09735393886640578
215,2228.122925144372,2487.643855868529,2253.2729859072247,0.22785280341366027
216,2228.122925144372,2487.643855868529,2246.3012640338857,0.30968776918034935
217,2228.122925144372,2487.643855868529,2235.0005275170874,0.14283307095980044
218,2228.122925144372,2487.643855868529,2232.5978098546016,0.08141333823905232
219,2228.122925144372,2487.643855868529,2242.530845526668,0.0912610356437346
220,2228.122925144372,2487.643855868529,2243.9423829519083,0.11964935403499916
221,2228.122925144372,2487.643855868529,2247.1429270066847,0.09259778426595545
222,2228.122925144372,2487.643855868529,2247.636435238493,0.13781529066285209
223,2228.122925144372,2487.643855868529,2263.4613357223407,0.10835302746963114
224,2228.122925144372,2487.643855868529,2265.2979928155573,0.08654616393717189
225,2228.122925144372,2487.643855868529,2261.037153323169,0.09240233453930352
226,2228.122925144372,2487.643855868529,2262.621055522092,0.2300315500367546
227,2228.122925144372,2487.643855868529,2246.015471992954,0.31398922701046306
228,2228.122925144372,2487.643855868529,2242.0746404300007,0.16490465520057887
229,2228.122925144372,2487.643855868529,2233.5651044880883,0.14757504087465362
230,2228.122925144372,2487.643855868529,2235.6578735034614,0.17565264645111214
231,2228.122925144372,2487.643855868529,2255.200497600328,0.1271357975952505
232,2228.122925144372,2487.643855868529,2247.587119789433,0.17297896590572084
233,2228.122925144372,2487.643855868529,2268.195174424803,1.2513833710212268
234,2228.122925144372,2487.643855868529,2320.8567268537145,0.9515837877154381
235,2228.122925144372,2487.643855868529,2347.031285790603,0.4621077432153654
236,2228.122925144372,2487.643855868529,2333.946307660064,0.45940438688523605
237,2228.122925144372,2487.643855868529,2338.8088644551462,0.20322302248247245
238,2228.122925144372,2487.643855868529,2335.369326378464,0.17750548821367132
239,2228.122925144372,2487.643855868529,2340.926929873943,1.1622085257839854
240,2228.122925144372,2487.643855868529,2369.303943298081,0.33938411555915193
241,2228.122925144372,2487.643855868529,2353.233227225877,0.43370364129858335
242,2228.122925144372,2487.643855868529,2356.0604247813203,0.32082555545451374
243,2228.122925144372,2487.643855868529,2361.6997207684963,0.259652019868413
244,2228.122925144372,2487.643855868529,2360.9656141117744,0.3341062253452696
245,2228.122925144372,2487.643855868529,2379.8588590174554,0.21775961787971182
246,2228.122925144372,2487.643855868529,2376.745523490588,0.34108078254021024
247,2228.122925144372,2487.643855868529,2372.7477013553,0.11587567755728573
248,2228.122925144372,2487.643855868529,2375.7847000778456,0.13296589393913583
249,2228.122925144372,2487.643855868529,2376.0788185885503,0.225456856075821
250,2228.122925144372,2487.643855868529,2354.1223336214503,0.2679164181606217
251,2228.122925144372,2487.643855868529,2352.401393606918,0.14198966823485373
252,2228.122925144372,2487.643855868529,2346.2949653539526,0.15253753054425115
253,2228.122925144372,2487.643855868529,2357.4792231158813,0.22139320670052637
254,2228.122925144372,2487.643855868529,2366.259266927641,0.15530559623869508
255,2228.122925144372,2487.643855868529,2364.401213551795,0.24445472242697786
256,2228.122925144372,2487.643855868529,2343.5928980125304,0.33707133691662255
257,2228.122925144372,2487.643855868529,2363.445416876968,0.2688034333202444
258,2228.122925144372,2487.643855868529,2347.80655839804,0.18587683169418615
259,2228.122925144372,2487.643855868529,2354.6387810577003,0.18127216509459257
260,2228.122925144372,2487.643855868529,2350.925711759201,0.13667491819004907
261,2228.122925144372,2487.643855868529,2347.1423017767024,0.11442330306018017
262,2228.122925144372,2487.643855868529,2353.542238491242,0.271601371548624
263,2228.122925144372,2487.643855868529,2366.2181331293755,0.2249853526330675
264,2228.122925144372,2487.643855868529,2367.4293731455905,0.38455164025724586
265,2228.122925144372,2487.643855868529,2365.7230006693285,0.10706031334367651
266,2228.122925144372,2487.643855868529,2359.4354511164784,0.06441118587205215
267,2228.122925144372,2487.643855868529,2364.455997762739,0.10827420828883944
268,2228.122925144372,2487.643855868529,2355.0149307926445,0.047244652012711476
269,2228.122925144372,2487.643855868529,2353.451168531942,0.07469688329146527
270,2228.122925144372,2487.643855868529,2359.959206517516,0.09669310406792349
271,2228.122925144372,2487.643855868529,2367.29337437824,0.07579502238218538
272,2228.122925144372,2487.643855868529,2367.6275443639206,0.24020663366542327
273,2228.122925144372,2487.643855868529,2370.4009961718475,0.21488084098985297
274,2228.122925144372,2487.643855868529,2383.4099584664946,0.5296295395956039
275,2228.122925144372,2487.643855868529,2362.0954414043736,0.56030719741129
276,2228.122925144372,2487.643855868529,2359.3778322918884,1.0311647962954873
277,2228.122925144372,2487.643855868529,2356.318412711296,0.28745842235379043
278,2228.122925144372,2487.643855868529,2355.15990818468,0.14192440723716546
279,2228.122925144372,2487.643855868529,2357.636218664049,0.1255810312257853
280,2228.122925144372,2487.643855868529,2359.1084214487173,0.28875454834856307
281,2228.122925144372,2487.643855868529,2351.3038774891684,0.18610196409590968
282,2228.122925144372,2487.643855868529,2364.5485286777453,0.3602225968733025
283,2228.122925144372,2487.643855868529,2356.4671034207136,0.4604221887490686
284,2228.122925144372,2487.643855868529,2350.3858577045635,0.07061925200034855
285,2228.122925144372,2487.643855868529,2359.527889073799,0.0464179511962482
286,2228.122925144372,2487.643855868529,2359.100937960873,0.10201197510836378
287,2228.122925144372,2487.643855868529,2353.0022426855685,0.10285303328005575
288,2228.122925144372,2487.643855868529,2355.625359911861,0.06454474700378993
289,2228.122925144372,2487.643855868529,2355.007426801263,0.3076540734633104
290,2228.122925144372,2487.643855868529,2340.6741787215115,0.11347361850926856
291,2228.122925144372,2487.643855868529,2350.792630976985,0.07745446950612501
292,2228.122925144372,2487.643855868529,2350.1618184522617,0.08303357061806614
293,2228.122925144372,2487.643855868529,2346.354534014032,0.11930488653928464
294,2228.122925144372,2487.643855868529,2350.504402210311,0.035143940692785404
295,2228.122925144372,2487.643855868529,2353.94061396792,0.036305168909427185
296,2228.122925144372,2487.643855868529,2356.615602047169,0.05165601324439466
297,2228.122925144372,2487.643855868529,2350.188080034519,0.07232294430725619
298,2228.122925144372,2487.643855868529,2353.4916285375034,0.0810741759887526
299,2228.122925144372,2487.643855868529,2344.222866958906,0.14611931365568184
300,2228.122925144372,2487.643855868529,2323.976516,0.12163766425664824
301,2228.122925144372,2487.643855868529,2335.673023743643,0.03157730260732838
302,2228.122925144372,2487.643855868529,2337.902473391533,0.2538501596268766
303,2228.122925144372,2487.643855868529,2348.356231996599,0.09364387040618814
304,2228.122925144372,2487.643855868529,2345.994112756309,0.09632783650510746
305,2228.122925144372,2487.643855868529,2347.7580555280056,0.10104414049342028
306,2228.122925144372,2487.643855868529,2352.5763051623626,0.08046254574882819
307,2228.122925144372,2487.643855868529,2347.680351143524,0.08893298021605939
308,2228.122925144372,2487.643855868529,2343.9737241815305,0.12483280452366581
309,2228.122925144372,2487.643855868529,2355.946505325065,0.051631704541976485
310,2228.122925144372,2487.643855868529,2354.1451567529643,0.13422073345929617
311,2228.122925144372,2487.643855868529,2374.8798294517005,0.18660936838638095
312,2228.122925144372,2487.643855868529,2360.837198713141,0.12416574871068933
313,2228.122925144372,2487.643855868529,2362.4360797307013,0.18972419795916345
314,2228.122925144372,2487.643855868529,2351.5037966775967,0.09733473681083282
315,2228.122925144372,2487.643855868529,2344.9551093502137,0.2716138026295338
316,2228.122925144372,2487.643855868529,2332.864036389299,2.289585909899789
317,2228.122925144372,2487.643855868529,2230.28025827846,0.8368521687781245
318,2228.122925144372,2487.643855868529,2252.808598476313,0.31291651814884514
319,2228.122925144372,2487.643855868529,2240.6454660933314,0.3490816169002421
320,2228.122925144372,2487.643855868529,2252.1191636537637,0.3705611625284972
321,2228.122925144372,2487.643855868529,2243.8606543380733,0.2524947654257715
322,2228.122925144372,2487.643855868529,2238.18911034741,0.21345130260340048
323,2228.122925144372,2487.643855868529,2242.489098066098,0.20073324141815965
324,2228.122925144372,2487.643855868529,2246.0782924889468,0.2009982826100171
325,2228.122925144372,2487.643855868529,2245.7767674061806,0.10508338101088809
326,2228.122925144372,2487.643855868529,2248.721895919578,0.07385284755428712
327,2228.122925144372,2487.643855868529,2242.985281064498,0.19577404784042557
328,2228.122925144372,2487.643855868529,2232.3627106756767,0.2259546816989874
329,2228.122925144372,2487.643855868529,2219.6562886344445,0.0
330,2228.122925144372,2487.643855868529,2216.9360851579368,0.0
331,2228.122925144372,2487.643855868529,2218.837367141054,0.0
332,2178.5545304827892,2263.5965089322685,2202.766006876084,1.6336912300141697
333,2178.5545304827892,2263.5965089322685,2188.396358538288,0.6744359546250174
334,2178.5545304827892,2263.5965089322685,2184.9821965446454,0.9922669512375082
335,2178.5545304827892,2263.5965089322685,2197.862044173935,0.8651525379551612
336,2178.5545304827892,2263.5965089322685,2215.548672080612,0.8646861666807233
337,2178.5545304827892,2263.5965089322685,2220.4985818143427,1.6732178852841177
338,2178.5545304827892,2263.5965089322685,2223.5413312235605,1.0984085337453404
339,2178.5545304827892,2263.5965089322685,2231.0413091794558,0.4966151765181724
340,2178.5545304827892,2263.5965089322685,2234.40025086823,0.38289303156164356
341,2178.5545304827892,2263.5965089322685,2238.453720763184,0.6272879082624762
342,2178.5545304827892,2263.5965089322685,2229.0719864593225,0.37986484012785976
343,2178.5545304827892,2263.5965089322685,2217.192717563905,0.47094008235334395
344,2178.5545304827892,2263.5965089322685,2224.8697231183933,0.6198119572888321
345,2178.5545304827892,2263.5965089322685,2221.972855523759,0.5786796395403017
346,2178.5545304827892,2263.5965089322685,2234.1776764894253,0.6246422874090957
347,2178.5545304827892,2263.5965089322685,2236.087629611103,0.3437731805710921
348,2178.5545304827892,2263.5965089322685,2226.7446722615755,0.23309360401439072
349,2178.5545304827892,2263.5965089322685,2224.9608413818014,1.1431202317982316
350,2178.5545304827892,2263.5965089322685,2208.5643287876765,0.56428111279747
351,2178.5545304827892,2263.5965089322685,2223.444442136199,1.007269061740882
352,2178.5545304827892,2263.5965089322685,2222.658951782579,0.9771444115797632
353,2178.5545304827892,2263.5965089322685,2207.4104297661797,1.4748195544585563
354,2178.5545304827892,2263.5965089322685,2191.996782639202,1.1796268321361234
355,2178.5545304827892,2263.5965089322685,2188.336765846928,0.4670549912133367
356,2178.5545304827892,2263.5965089322685,2171.332376721461,0.5899060958980406
357,2178.5545304827892,2263.5965089322685,2188.0066490303766,0.4320699616408277
358,2178.5545304827892,2263.5965089322685,2176.214717484489,0.41862701709294164
359,2178.5545304827892,2263.5965089322685,2184.9941455549915,0.2896290712168169
360,2178.5545304827892,2263.5965089322685,2170.696429859776,0.3153420996391933
361,2178.5545304827892,2263.5965089322685,2187.99014159864,0.5211791293368758
362,2178.5545304827892,2263.5965089322685,2202.616146438019,0.283040428227626
363,2178.5545304827892,2263.5965089322685,2201.7746468194728,0.8928137591896955
364,2178.5545304827892,2263.5965089322685,2175.4866834062013,0.0
365,2178.5545304827892,2263.5965089322685,2172.200226815785,0.0
366,2178.5545304827892,2263.5965089322685,2164.7203970040373,0.0
367,2178.5545304827892,2263.5965089322685,2164.9765864788856,0.0
368,2178.5545304827892,2263.5965089322685,2170.622808996383,0.0
369,2178.5545304827892,2263.5965089322685,2152.639075347648,0.0
370,2178.5545304827892,2263.5965089322685,2171.975928293593,0.09913222372493108
371,2178.5545304827892,2263.5965089322685,2182.5476488256045,0.08866578356907956
372,2178.5545304827892,2263.5965089322685,2176.278128966136,0.0
373,2178.5545304827892,2263.5965089322685,2176.47980285448,0.0
374,2178.5545304827892,2263.5965089322685,2169.459115245913,0.043001716438130146
375,2178.5545304827892,2263.5965089322685,2180.050159707881,0.47796524671635354
376,2178.5545304827892,2263.5965089322685,2191.044962059591,0.4117536131950175
377,2178.5545304827892,2263.5965089322685,2187.973730114358,2.814503171857919
378,2178.5545304827892,2263.5965089322685,2215.85004726482,2.58539597385264
379,2178.5545304827892,2263.5965089322685,2204.046092554501,1.3226995718779073
380,2178.5545304827892,2263.5965089322685,2212.19817539738,0.8693274726951332
381,2178.5545304827892,2263.5965089322685,2217.60368666735,1.778400441425577
382,2178.5545304827892,2263.5965089322685,2251.6244332512124,1.1221689815245437
383,2178.5545304827892,2263.5965089322685,2258.4553005244293,0.930919761545792
384,2178.5545304827892,2263.5965089322685,2260.9083752775414,0.13841974843765248
385,2178.5545304827892,2263.5965089322685,2262.033155135125,0.38738992115952503
386,2178.5545304827892,2263.5965089322685,2260.720817394141,0.44596028940720744
387,2178.5545304827892,2263.5965089322685,2257.802592290627,0.27919443042514386
388,2178.5545304827892,2263.5965089322685,2253.874320872723,0.31206462153831876
389,2178.5545304827892,2263.5965089322685,2251.4527917972405,0.22912144688487904
390,2178.5545304827892,2263.5965089322685,2250.3766346323146,0.2396868238968781
391,2178.5545304827892,2263.5965089322685,2249.24680328359,0.34785748613855083
392,2178.5545304827892,2263.5965089322685,2260.7134483205523,0.18377325162634486
393,2178.5545304827892,2263.5965089322685,2278.85239972842,0.0
394,2178.5545304827892,2263.5965089322685,2282.976928879468,0.0
395,2178.5545304827892,2263.5965089322685,2275.972775607532,0.0
396,2178.5545304827892,2263.5965089322685,2287.274957930245,0.0
397,2178.5545304827892,2263.5965089322685,2286.91109137157,0.0
398,2279.561382417375,2363.7137076211816,2306.929166787761,1.1280566106479422
399,2279.561382417375,2363.7137076211816,2301.8335077753254,0.9458799267870592
400,2279.561382417375,2363.7137076211816,2280.0280220797863,0.6864736058931477
401,2279.561382417375,2363.7137076211816,2286.869354431478,0.4107463052224519
402,2279.561382417375,2363.7137076211816,2275.0427530200805,0.38875536253400267
403,2279.561382417375,2363.7137076211816,2284.2054490095056,1.026091418283513
404,2279.561382417375,2363.7137076211816,2306.405888206016,0.6885431581872672
405,2279.561382417375,2363.7137076211816,2288.0385149135054,0.3009476800961219
406,2279.561382417375,2363.7137076211816,2292.875803262075,0.27642063919371485
407,2279.561382417375,2363.7137076211816,2289.618779567844,0.30748548374928936
408,2279.561382417375,2363.7137076211816,2297.847883111087,0.5191747732951891
409,2279.561382417375,2363.7137076211816,2313.99832029531,0.8113435103917396
410,2279.561382417375,2363.7137076211816,2316.7247474744986,0.3892508070046587
411,2279.561382417375,2363.7137076211816,2301.3782839103933,0.3386023840157387
412,2279.561382417375,2363.7137076211816,2297.346144203886,0.4224596091244134
413,2279.561382417375,2363.7137076211816,2288.8078608958767,0.4905597224243499
414,2279.561382417375,2363.7137076211816,2280.481098963954,0.15880260533472226
415,2279.561382417375,2363.7137076211816,2281.7394759652084,0.12999395503099193
416,2279.561382417375,2363.7137076211816,2266.553810853476,0.0
417,2279.561382417375,2363.7137076211816,2258.101315689772,0.0
418,2279.561382417375,2363.7137076211816,2270.76488309795,0.0
419,2279.561382417375,2363.7137076211816,2276.261486873675,0.28103726395818457
420,2279.561382417375,2363.7137076211816,2276.205121276043,0.0591389241178133
421,2279.561382417375,2363.7137076211816,2280.1144030751448,0.026437854083271057
422,2279.561382417375,2363.7137076211816,2273.055866742084,0.0
423,2279.561382417375,2363.7137076211816,2260.989804387584,0.0
424,2279.561382417375,2363.7137076211816,2248.6454947628367,0.0
425,2279.561382417375,2363.7137076211816,2244.0767902959765,0.0
426,2279.561382417375,2363.7137076211816,2229.6464801348784,0.0
427,2279.561382417375,2363.7137076211816,2236.5170159311083,0.0
428,2279.561382417375,2363.7137076211816,2229.154624378208,0.0
429,2279.561382417375,2363.7137076211816,2242.423839881686,0.0
430,2279.561382417375,2363.7137076211816,2240.605419224801,0.0
431,2279.561382417375,2363.7137076211816,2249.835063847824,0.0
432,2279.561382417375,2363.7137076211816,2244.8007770026225,0.0
433,2279.561382417375,2363.7137076211816,2232.4337580000006,0.0
434,2279.561382417375,2363.7137076211816,2218.436582391896,0.0
435,2279.561382417375,2363.7137076211816,2226.4878572526072,0.0
436,2279.561382417375,2363.7137076211816,2241.8729066379487,0.0
437,2279.561382417375,2363.7137076211816,2242.639092005339,0.0
438,2279.561382417375,2363.7137076211816,2254.5976772221898,0.0
439,2279.561382417375,2363.7137076211816,2247.549971992399,0.0
440,2279.561382417375,2363.7137076211816,2240.6839369371355,0.0
441,2279.561382417375,2363.7137076211816,2242.013238631232,0.0
442,2279.561382417375,2363.7137076211816,2239.101372673187,0.0
443,2279.561382417375,2363.7137076211816,2241.691234890188,0.0
444,2279.561382417375,2363.7137076211816,2245.9887576073133,0.0
445,2279.561382417375,2363.7137076211816,2245.3602841706847,0.0
446,2279.561382417375,2363.7137076211816,2250.38577544528,0.0
447,2279.561382417375,2363.7137076211816,2253.8803014412056,0.0
448,2279.561382417375,2363.7137076211816,2244.471515757549,0.0
449,2279.561382417375,2363.7137076211816,2244.318022674752,0.0
450,2279.561382417375,2363.7137076211816,2253.892597259119,0.0
451,2279.561382417375,2363.7137076211816,2250.760944461867,0.0
452,2279.561382417375,2363.7137076211816,2249.521942246144,0.0
453,2279.561382417375,2363.7137076211816,2240.7637279155374,0.0
454,2279.561382417375,2363.7137076211816,2232.578461288509,0.0
455,2279.561382417375,2363.7137076211816,2235.5685328659747,0.0
456,2279.561382417375,2363.7137076211816,2229.678267950488,0.0
457,2279.561382417375,2363.7137076211816,2226.099243644182,0.0
458,2279.561382417375,2363.7137076211816,2226.0397169313737,0.0
459,2279.561382417375,2363.7137076211816,2226.053328237512,0.0
460,2279.561382417375,2363.7137076211816,2222.3267861426257,0.0
461,2279.561382417375,2363.7137076211816,2211.28815328045,0.0
462,2279.561382417375,2363.7137076211816,2213.6252585252487,0.0
463,2279.561382417375,2363.7137076211816,2219.738320889297,0.0
464,2279.561382417375,2363.7137076211816,2210.9818382704825,0.0
465,2279.561382417375,2363.7137076211816,2211.4312939611136,0.0
466,2045.827492595066,2260.0615652735796,2206.382055802697,0.11547217798346403
467,2045.827492595066,2260.0615652735796,2211.903034761616,0.1089170923538014
468,2045.827492595066,2260.0615652735796,2215.615449923449,0.06397261045148599
469,2045.827492595066,2260.0615652735796,2214.9514332195204,0.23809843847820028
470,2045.827492595066,2260.0615652735796,2213.398705798696,0.11669358116209493
471,2045.827492595066,2260.0615652735796,2215.523797228403,0.08519959359368155
472,2045.827492595066,2260.0615652735796,2206.5957666504,0.28574831081474034
473,2045.827492595066,2260.0615652735796,2206.9189978790887,0.15122979690561952
474,2045.827492595066,2260.0615652735796,2219.8741216392227,0.16647450791351726
475,2045.827492595066,2260.0615652735796,2229.869524729755,0.27569258509896866
476,2045.827492595066,2260.0615652735796,2223.29471388741,0.2867504895621761
477,2045.827492595066,2260.0615652735796,2229.806595187178,0.08679832342894683
478,2045.827492595066,2260.0615652735796,2231.7620880091536,0.14162129717359598
479,2045.827492595066,2260.0615652735796,2243.430605964093,0.08679522002000073
480,2045.827492595066,2260.0615652735796,2236.8091157079098,0.26568262795169945
481,2045.827492595066,2260.0615652735796,2215.799119222469,0.6321864565693007
482,2045.827492595066,2260.0615652735796,2195.069708696672,0.2359420068461661
483,2045.827492595066,2260.0615652735796,2191.853628070719,0.3829416460117238
484,2045.827492595066,2260.0615652735796,2169.308945076789,0.31795545291991123
485,2045.827492595066,2260.0615652735796,2164.6889372585783,0.1665730270170956
486,2045.827492595066,2260.0615652735796,2172.277472814331,0.0762041889352023
487,2045.827492595066,2260.0615652735796,2172.61718141386,0.3574339104688764
488,2045.827492595066,2260.0615652735796,2164.8691241758543,0.17267968640072673
489,2045.827492595066,2260.0615652735796,2177.9145827972843,0.1296948092596679
490,2045.827492595066,2260.0615652735796,2165.6425932369607,0.21523501301534528
491,2045.827492595066,2260.0615652735796,2170.690804263919,0.36961790434639236
492,2045.827492595066,2260.0615652735796,2156.402757195732,0.6197505777075039
493,2045.827492595066,2260.0615652735796,2133.2696145949185,0.24178587124210452
494,2045.827492595066,2260.0615652735796,2138.8170195890257,0.20905306844443217
495,2045.827492595066,2260.0615652735796,2127.2170222822783,0.2331032883750592
496,2045.827492595066,2260.0615652735796,2155.665572430941,0.23613936702935928
497,2045.827492595066,2260.0615652735796,2166.1108402830623,0.22020504265150143
498,2045.827492595066,2260.0615652735796,2152.6406621882084,0.27585377237355013
499,2045.827492595066,2260.0615652735796,2161.4283849704084,0.21557997631786657
500,2045.827492595066,2260.0615652735796,2161.6680297609378,0.08479603107532832
501,2045.827492595066,2260.0615652735796,2167.1463435440573,0.1178614062943469
502,2045.827492595066,2260.0615652735796,2173.402462256269,0.19842131800499793
503,2045.827492595066,2260.0615652735796,2184.522447837239,0.36520592388725814
504,2045.827492595066,2260.0615652735796,2215.840201873017,0.2111730043920349
505,2045.827492595066,2260.0615652735796,2211.8090472183494,0.14868366176904632
506,2045.827492595066,2260.0615652735796,2217.474984653289,0.20596543021029218
507,2045.827492595066,2260.0615652735796,2213.5817056943947,0.5154423173185824
508,2045.827492595066,2260.0615652735796,2245.0991067787163,0.24974438705826682
509,2045.827492595066,2260.0615652735796,2233.2663414951144,0.14866060443312906
510,2045.827492595066,2260.0615652735796,2235.3552420556466,0.150633005866951
511,2045.827492595066,2260.0615652735796,2235.13812731346,0.07762119245801802
512,2045.827492595066,2260.0615652735796,2242.1878248917023,0.1147653137464517
513,2045.827492595066,2260.0615652735796,2242.6437537577,0.13539468331615098
514,2045.827492595066,2260.0615652735796,2247.8491743589543,0.169699939237716
515,2045.827492595066,2260.0615652735796,2247.6350666329245,0.1376375652774259
516,2045.827492595066,2260.0615652735796,2244.689925517351,0.13637527179416956
517,2045.827492595066,2260.0615652735796,2241.9591186802727,0.08016973919833673
518,2045.827492595066,2260.0615652735796,2235.338282041423,0.08732012404342424
519,2045.827492595066,2260.0615652735796,2231.193394173918,0.10701238205996383
520,2045.827492595066,2260.0615652735796,2225.1389411756195,0.44704232876112554
521,2045.827492595066,2260.0615652735796,2187.922824364624,0.3502682631790179
522,2045.827492595066,2260.0615652735796,2190.661196862241,0.30637468153327496
523,2045.827492595066,2260.0615652735796,2176.135933033901,0.5688206274555689
524,2045.827492595066,2260.0615652735796,2141.225262363411,0.2947370483984675
525,2045.827492595066,2260.0615652735796,2169.6001374093,0.22880024019127573
526,2045.827492595066,2260.0615652735796,2174.612886937867,0.15700724050322712
527,2045.827492595066,2260.0615652735796,2168.607467013834,0.11425342514352192
528,2045.827492595066,2260.0615652735796,2182.98110814368,0.1730712031863022
529,2045.827492595066,2260.0615652735796,2177.3890259841123,0.17722416210722386
530,2045.827492595066,2260.0615652735796,2176.760093947218,0.18944818150074705
531,2045.827492595066,2260.0615652735796,2183.886853408047,0.14883858508515377
532,2045.827492595066,2260.0615652735796,2175.553724302445,0.16329973438291592
533,2045.827492595066,2260.0615652735796,2183.628078286526,0.06294204457359014
534,2045.827492595066,2260.0615652735796,2184.531098144362,0.2390827445134517
535,2045.827492595066,2260.0615652735796,2214.4437132598755,0.11944693307759989
536,2045.827492595066,2260.0615652735796,2208.045788323372,0.17609350127526643
537,2045.827492595066,2260.0615652735796,2204.874250058801,0.09330752411695736
538,2045.827492595066,2260.0615652735796,2215.080979774916,0.12258838329406296
539,2045.827492595066,2260.0615652735796,2208.1289612108626,0.36568934388091245
540,2045.827492595066,2260.0615652735796,2212.8231112034086,0.41911232301591195
541,2045.827492595066,2260.0615652735796,2221.4781154824905,0.2224587869654234
542,2045.827492595066,2260.0615652735796,2209.976109613839,0.12017651980525561
543,2045.827492595066,2260.0615652735796,2210.566419605515,0.3807892494613664
544,2045.827492595066,2260.0615652735796,2247.7817848728646,0.5102712413451989
545,2045.827492595066,2260.0615652735796,2241.239851,0.5049931861076495
546,2045.827492595066,2260.0615652735796,2246.0828709170128,0.930271039449551
547,2045.827492595066,2260.0615652735796,2222.122215151341,0.3518519528966749
548,2045.827492595066,2260.0615652735796,2232.0514159399454,0.3144578532611838
549,2045.827492595066,2260.0615652735796,2225.899612805707,0.3712479217304498
550,2045.827492595066,2260.0615652735796,2206.716985278966,0.6669213556876611
551,2045.827492595066,2260.0615652735796,2184.102227857204,0.8284319091172978
552,2045.827492595066,2260.0615652735796,2178.4525448159907,0.19709917601652918
553,2045.827492595066,2260.0615652735796,2192.9438951306997,0.14214067747534764
554,2045.827492595066,2260.0615652735796,2200.508312086248,0.10928390640350917
555,2045.827492595066,2260.0615652735796,2193.002164691916,0.16923236321461219
556,2045.827492595066,2260.0615652735796,2193.366157554812,0.19083707722589266
557,2045.827492595066,2260.0615652735796,2191.1480456266963,0.1289142073967995
558,2045.827492595066,2260.0615652735796,2201.0395673333933,0.11842412515031768
559,2045.827492595066,2260.0615652735796,2201.092301613462,0.1268755358953293
560,2045.827492595066,2260.0615652735796,2194.458877649012,0.1255941702112454
561,2045.827492595066,2260.0615652735796,2214.5928662831257,0.24128941023418016
562,2045.827492595066,2260.0615652735796,2213.8596506856347,0.14840871862949645
563,2045.827492595066,2260.0615652735796,2210.5248297471408,0.3777297714114405
564,2045.827492595066,2260.0615652735796,2218.6716283430465,0.5723948964631732
565,2045.827492595066,2260.0615652735796,2245.174878752141,0.2818228806788425
566,2045.827492595066,2260.0615652735796,2253.84648661017,0.09146771127251792
567,2045.827492595066,2260.0615652735796,2260.166421697308,0.365020066055004
568,2045.827492595066,2260.0615652735796,2252.4455364164564,0.5693761798595779
569,2045.827492595066,2260.0615652735796,2215.893667933537,0.44016325273828355
570,2045.827492595066,2260.0615652735796,2231.340076774655,0.3415862575160363
571,2045.827492595066,2260.0615652735796,2234.8836759578667,0.3684464265024885
572,2045.827492595066,2260.0615652735796,2231.457677382046,0.28663085000636174
573,2045.827492595066,2260.0615652735796,2228.254600861687,0.28827326198238384
574,2045.827492595066,2260.0615652735796,2223.855249685435,0.3443893784602666
575,2045.827492595066,2260.0615652735796,2237.180224313162,0.3408311829676223
576,2045.827492595066,2260.0615652735796,2249.754679632156,0.28556809517306025
577,2045.827492595066,2260.0615652735796,2244.7667342137047,0.1612179965872399
578,2045.827492595066,2260.0615652735796,2240.0560756393256,0.1872606683508558
579,2045.827492595066,2260.0615652735796,2241.819312768039,0.1940246128182058
580,2045.827492595066,2260.0615652735796,2255.6735190866016,0.22135760707794336
581,2045.827492595066,2260.0615652735796,2241.2808415739155,0.30047477504934594
582,2045.827492595066,2260.0615652735796,2248.2144871508726,0.1783657909404183
583,2045.827492595066,2260.0615652735796,2260.625441664535,0.054759730201804004
584,2045.827492595066,2260.0615652735796,2259.0019558878025,0.07191891955950395
585,2045.827492595066,2260.0615652735796,2264.331762252044,0.17476042484040227
586,2045.827492595066,2260.0615652735796,2272.291577233886,0.0
587,2045.827492595066,2260.0615652735796,2289.8902350243297,0.0
588,2149.6197746432526,2380.9546965268496,2316.823536583312,0.312114746427089
589,2149.6197746432526,2380.9546965268496,2301.7013807934272,0.28256989453573833
590,2149.6197746432526,2380.9546965268496,2312.928047068018,0.3353183843040482
591,2149.6197746432526,2380.9546965268496,2295.1690611250856,0.19568258449583623
592,2149.6197746432526,2380.9546965268496,2308.5566212675585,0.6306250189577535
593,2149.6197746432526,2380.9546965268496,2339.598564827974,0.3760647035147952
594,2149.6197746432526,2380.9546965268496,2321.00260295036,0.3173985453322336
595,2149.6197746432526,2380.9546965268496,2315.047019554885,0.23617311611354433
596,2149.6197746432526,2380.9546965268496,2329.1588657150737,0.2323035272893104
597,2149.6197746432526,2380.9546965268496,2328.2257702620245,0.17707627571951426
598,2149.6197746432526,2380.9546965268496,2311.1083832358268,0.1513553862329229
599,2149.6197746432526,2380.9546965268496,2315.669368039482,0.09347285950009629
600,2149.6197746432526,2380.9546965268496,2316.129841569468,0.14299000460955485
601,2149.6197746432526,2380.9546965268496,2314.2269479085844,0.13387898974758186
602,2149.6197746432526,2380.9546965268496,2327.2780483593306,0.2357660130691494
603,2149.6197746432526,2380.9546965268496,2312.107061227809,0.17047823145549196
604,2149.6197746432526,2380.9546965268496,2295.550994097011,0.2690158799922063
605,2149.6197746432526,2380.9546965268496,2276.995921872135,0.24331508060687515
606,2149.6197746432526,2380.9546965268496,2273.7667557198083,0.20789266619546817
607,2149.6197746432526,2380.9546965268496,2284.0766038119923,0.07086586631404834
608,2149.6197746432526,2380.9546965268496,2291.1258113188383,0.06036548975691824
609,2149.6197746432526,2380.9546965268496,2293.990484437602,0.11866341637524193
610,2149.6197746432526,2380.9546965268496,2286.025033393148,0.08592264344575958
611,2149.6197746432526,2380.9546965268496,2290.3946723434674,0.11147957480726767
612,2149.6197746432526,2380.9546965268496,2292.2793695851506,0.05490042791345116
613,2149.6197746432526,2380.9546965268496,2288.018467019942,0.08481353876158293
614,2149.6197746432526,2380.9546965268496,2288.9802899540573,0.09104704357530126
615,2149.6197746432526,2380.9546965268496,2294.5967040985843,0.05198157939350403
616,2149.6197746432526,2380.9546965268496,2295.047328612768,0.07195810367592226
617,2149.6197746432526,2380.9546965268496,2291.8440842944547,0.08161429888809192
618,2149.6197746432526,2380.9546965268496,2287.904922933402,0.16786412726105546
619,2149.6197746432526,2380.9546965268496,2293.348441971145,0.06356879699822973
620,2149.6197746432526,2380.9546965268496,2295.69812875358,0.19100837014999156
621,2149.6197746432526,2380.9546965268496,2306.444161621683,0.1678213422370754
622,2149.6197746432526,2380.9546965268496,2292.460490980015,0.350741250142713
623,2149.6197746432526,2380.9546965268496,2289.6819562264404,0.06955006001708498
624,2149.6197746432526,2380.9546965268496,2291.311953434957,0.12197694259537965
625,2149.6197746432526,2380.9546965268496,2297.545909919732,0.24864069552443988
626,2149.6197746432526,2380.9546965268496,2308.7665728774787,0.16173608747066084
627,2149.6197746432526,2380.9546965268496,2305.266573856178,0.21462061407727775
628,2149.6197746432526,2380.9546965268496,2309.009961007535,0.2234306863919108
629,2149.6197746432526,2380.9546965268496,2320.244458365524,0.3889347801478395
630,2149.6197746432526,2380.9546965268496,2316.61771366546,0.14122514711497636
631,2149.6197746432526,2380.9546965268496,2309.726046003408,0.3166290376520806
632,2149.6197746432526,2380.9546965268496,2285.943534362742,0.1887696451639297
633,2149.6197746432526,2380.9546965268496,2290.5502389605504,0.08027003030914234
634,2149.6197746432526,2380.9546965268496,2295.8999672852115,0.07314397110027206
635,2149.6197746432526,2380.9546965268496,2292.3962348023647,0.10346674199582312
636,2149.6197746432526,2380.9546965268496,2296.8347822666105,0.21983966881803552
637,2149.6197746432526,2380.9546965268496,2289.2254604128525,0.09847014077942498
638,2149.6197746432526,2380.9546965268496,2289.123577201064,0.08120761006252919
639,2149.6197746432526,2380.9546965268496,2293.177694611199,0.045789188133353746
640,2149.6197746432526,2380.9546965268496,2296.380130829195,0.17325660482254307
641,2149.6197746432526,2380.9546965268496,2289.457604942488,0.13705155006670441
642,2149.6197746432526,2380.9546965268496,2295.666215006534,0.11438597407618342
643,2149.6197746432526,2380.9546965268496,2296.048074195811,0.11285870888757046
644,2149.6197746432526,2380.9546965268496,2291.702486750237,0.08752764072024707
645,2149.6197746432526,2380.9546965268496,2291.527701007265,0.07619528473785349
646,2149.6197746432526,2380.9546965268496,2288.8255795023924,0.14429841005964694
647,2149.6197746432526,2380.9546965268496,2278.711059861705,0.12716179260644803
648,2149.6197746432526,2380.9546965268496,2278.9380603348677,0.5103608515938886
649,2149.6197746432526,2380.9546965268496,2260.8139846968616,0.17634148674651096
650,2149.6197746432526,2380.9546965268496,2265.057011695078,0.3523048891016704
651,2149.6197746432526,2380.9546965268496,2263.3501906727797,0.11576732447739434
652,2149.6197746432526,2380.9546965268496,2272.14473774974,0.11342541183141837
653,2149.6197746432526,2380.9546965268496,2272.5957585232622,0.07580597492058364
654,2149.6197746432526,2380.9546965268496,2275.9188961519544,0.05289040484517474
655,2149.6197746432526,2380.9546965268496,2279.7689272620805,0.041895005168519815
656,2149.6197746432526,2380.9546965268496,2285.455109973556,0.059457467327974016
657,2149.6197746432526,2380.9546965268496,2283.6933305906136,0.0780877526083485
658,2149.6197746432526,2380.9546965268496,2280.8206627871687,0.1072632815025785
659,2149.6197746432526,2380.9546965268496,2273.582918712298,0.11136589305292412
660,2149.6197746432526,2380.9546965268496,2273.4892188615736,0.06592261418631759
661,2149.6197746432526,2380.9546965268496,2275.890063588688,0.12143318560507942
662,2149.6197746432526,2380.9546965268496,2279.2742482910026,0.19448261963285846
663,2149.6197746432526,2380.9546965268496,2298.924782633794,0.18674746577920484
664,2149.6197746432526,2380.9546965268496,2289.0027080215464,0.15024521478932815
665,2149.6197746432526,2380.9546965268496,2291.956632403512,0.13271976894694784
666,2149.6197746432526,2380.9546965268496,2286.7084249182462,0.17557060715201603
667,2149.6197746432526,2380.9546965268496,2275.9567434594574,0.08909285849829968
668,2149.6197746432526,2380.9546965268496,2279.4451265920657,0.11492106813551196
669,2149.6197746432526,2380.9546965268496,2274.632085919207,0.055527767901736746
670,2149.6197746432526,2380.9546965268496,2274.9256190428687,0.25556921934294163
671,2149.6197746432526,2380.9546965268496,2267.9659676481865,0.1078396058349169
672,2149.6197746432526,2380.9546965268496,2271.1921662523155,0.14771672393871155
673,2149.6197746432526,2380.9546965268496,2284.8920774444955,0.07808201437180745
674,2149.6197746432526,2380.9546965268496,2272.3152962650825,0.0807827815704691
675,2149.6197746432526,2380.9546965268496,2266.281313508849,0.25157112457954706
676,2149.6197746432526,2380.9546965268496,2271.7419699753327,0.10796492298922296
677,2149.6197746432526,2380.9546965268496,2269.9571241419726,0.06430821212928062
678,2149.6197746432526,2380.9546965268496,2268.7734926277526,0.06144166981439328
679,2149.6197746432526,2380.9546965268496,2270.265376300238,0.41670399209373227
680,2149.6197746432526,2380.9546965268496,2235.9741118122465,0.37503440239464225
681,2149.6197746432526,2380.9546965268496,2228.666019279589,0.16669688197118682
682,2149.6197746432526,2380.9546965268496,2240.9824705971114,0.2157020675666385
683,2149.6197746432526,2380.9546965268496,2237.539339868204,0.22726251191239755
684,2149.6197746432526,2380.9546965268496,2221.43478850967,0.21206034514697764
685,2149.6197746432526,2380.9546965268496,2238.156190360668,0.06836362717200682
686,2149.6197746432526,2380.9546965268496,2241.2223887525342,0.0736837466153432
687,2149.6197746432526,2380.9546965268496,2246.5179127803867,0.13328545912173026
688,2149.6197746432526,2380.9546965268496,2247.46680325581,0.17327249543163742
689,2149.6197746432526,2380.9546965268496,2240.633701464657,0.230646833504859
690,2149.6197746432526,2380.9546965268496,2227.77653515339,0.22458613071827688
691,2149.6197746432526,2380.9546965268496,2221.620552560249,0.617030341034664
692,2022.1101155868466,2309.798594508147,2199.3135130910905,0.25016674620618107
693,2022.1101155868466,2309.798594508147,2208.0588751706027,0.2407653718050433
694,2022.1101155868466,2309.798594508147,2210.13361007995,0.11275128030601436
695,2022.1101155868466,2309.798594508147,2217.8096212644205,0.07610868316490134
696,2022.1101155868466,2309.798594508147,2223.338892654295,0.06248395742882721
697,2022.1101155868466,2309.798594508147,2226.167371581059,0.06928080955996109
698,2022.1101155868466,2309.798594508147,2231.47694408796,0.11620284748708612
699,2022.1101155868466,2309.798594508147,2225.9971797797984,0.08318797527611241
700,2022.1101155868466,2309.798594508147,2230.8922020712225,0.13223048991554395
701,2022.1101155868466,2309.798594508147,2220.3857448766803,0.1195187537312433
702,2022.1101155868466,2309.798594508147,2217.8341778794347,0.06602003527155276
703,2022.1101155868466,2309.798594508147,2221.642989936648,0.10580881570893165
704,2022.1101155868466,2309.798594508147,2226.6595182257,0.07597666728899546
705,2022.1101155868466,2309.798594508147,2226.524661201516,0.040715383636450615
706,2022.1101155868466,2309.798594508147,2228.9646489208417,0.15507612491213338
707,2022.1101155868466,2309.798594508147,2248.2324438594387,0.08165885514848291
708,2022.1101155868466,2309.798594508147,2251.900363606101,0.19867191119374225
709,2022.1101155868466,2309.798594508147,2278.301389252055,0.2089192362514374
710,2022.1101155868466,2309.798594508147,2284.822551089793,0.13963147055652017
711,2022.1101155868466,2309.798594508147,2282.4732753841945,0.18279397099093633
712,2022.1101155868466,2309.798594508147,2292.6166179027514,0.20666962352013776
713,2150.718519958278,2439.7084742404595,2327.957893411459,0.5938342637884761
714,2150.718519958278,2439.7084742404595,2343.7009968697766,0.4698394680717477
715,2150.718519958278,2439.7084742404595,2365.793916860448,0.3424627436479935
716,2150.718519958278,2439.7084742404595,2345.650852065139,0.3837534855912718
717,2150.718519958278,2439.7084742404595,2351.358398489106,0.16012752553182436
718,2150.718519958278,2439.7084742404595,2346.226189094346,0.17809246224976377
719,2150.718519958278,2439.7084742404595,2351.9293007683555,0.20339756367890174
720,2150.718519958278,2439.7084742404595,2360.5503646721186,0.23872158245396488
721,2150.718519958278,2439.7084742404595,2365.806325242007,0.5298644243792342
722,2150.718519958278,2439.7084742404595,2378.8955513265764,1.4510290269289552
723,2255.8213797550025,2546.3923320057497,2433.082294166094,1.1345872418289125
724,2255.8213797550025,2546.3923320057497,2417.674878254764,0.4342795221884038
725,2255.8213797550025,2546.3923320057497,2414.106116115503,0.2444990065665959
726,2255.8213797550025,2546.3923320057497,2415.2102827163635,0.45000200565409615
727,2255.8213797550025,2546.3923320057497,2405.092813975165,0.3606787357017644
728,2255.8213797550025,2546.3923320057497,2390.7670356649182,0.22017740072322559
729,2255.8213797550025,2546.3923320057497,2376.0252970558718,0.29550095651811376
730,2255.8213797550025,2546.3923320057497,2379.9745133110005,0.8443142284614961
731,2255.8213797550025,2546.3923320057497,2381.931732862576,0.5060417809692691
732,2255.8213797550025,2546.3923320057497,2388.236083862149,0.33985408181199106
733,2255.8213797550025,2546.3923320057497,2400.5021366680808,0.458892326138881
734,2255.8213797550025,2546.3923320057497,2402.8555151202804,0.4773422733908604
735,2255.8213797550025,2546.3923320057497,2376.3063188985707,1.0388158511404673
736,2255.8213797550025,2546.3923320057497,2396.039489183157,0.7107507612193081
737,2255.8213797550025,2546.3923320057497,2369.765142606789,0.45975315088208885
738,2255.8213797550025,2546.3923320057497,2358.600100221079,0.450415199937072
739,2255.8213797550025,2546.3923320057497,2367.9008962758658,0.391343764353283
740,2255.8213797550025,2546.3923320057497,2358.6835879822124,0.2750455757466325
741,2255.8213797550025,2546.3923320057497,2360.812199570476,0.15946826484373772
742,2255.8213797550025,2546.3923320057497,2364.334511548322,0.22495494459712403
743,2255.8213797550025,2546.3923320057497,2354.054185794091,0.19789762911108516
744,2255.8213797550025,2546.3923320057497,2344.74974557674,0.18552777381382796
745,2255.8213797550025,2546.3923320057497,2356.297381410145,0.1569860884942951
746,2255.8213797550025,2546.3923320057497,2345.8236675488465,0.2990078478167935
747,2255.8213797550025,2546.3923320057497,2344.125772232951,0.6234085299106634
748,2255.8213797550025,2546.3923320057497,2334.7620692480787,0.20500897683828048
749,2255.8213797550025,2546.3923320057497,2342.6480002140074,0.14838446656066787
750,2255.8213797550025,2546.3923320057497,2352.271707312289,0.07004966941364575
751,2255.8213797550025,2546.3923320057497,2351.9008110664613,0.07812829082344995
752,2255.8213797550025,2546.3923320057497,2357.0767517670643,0.074916925083088
753,2255.8213797550025,2546.3923320057497,2352.516399098748,0.2618038118377011
754,2255.8213797550025,2546.3923320057497,2333.948951927244,0.22522946057969662
755,2255.8213797550025,2546.3923320057497,2346.872989025148,0.20798748881826684
756,2255.8213797550025,2546.3923320057497,2369.719167154467,0.08339604752454045
757,2255.8213797550025,2546.3923320057497,2368.186065025892,0.12286938590871527
758,2255.8213797550025,2546.3923320057497,2372.775769426939,0.1021884075504324
759,2255.8213797550025,2546.3923320057497,2365.055214989871,0.1841610049557205
760,2255.8213797550025,2546.3923320057497,2363.9603106869085,0.30975746748162847
761,2255.8213797550025,2546.3923320057497,2382.7841282115432,0.4542980641657998
762,2150.676344275173,2468.399822677479,2328.758321825572,0.6591707829694382
763,2150.676344275173,2468.399822677479,2300.701375112181,0.4008250894744166
764,2150.676344275173,2468.399822677479,2297.613531493008,0.12821204531708397
765,2150.676344275173,2468.399822677479,2315.310952632517,0.08453928966828399
766,2150.676344275173,2468.399822677479,2317.3475862506407,0.08991572064082627
767,2150.676344275173,2468.399822677479,2305.1034456203,0.17486787518153346
768,2150.676344275173,2468.399822677479,2286.777075011745,0.33646702342170015
769,2150.676344275173,2468.399822677479,2282.4590766246365,0.06826586688695083
770,2150.676344275173,2468.399822677479,2298.761748527269,0.053474924918992986
771,2150.676344275173,2468.399822677479,2303.184214005042,0.041385638572074904
772,2150.676344275173,2468.399822677479,2306.673873634877,0.09179973443809916
773,2150.676344275173,2468.399822677479,2293.0359997893943,0.09523452787926474
774,2150.676344275173,2468.399822677479,2298.0967138611163,0.06574445985637134
775,2150.676344275173,2468.399822677479,2302.0430545540503,0.0610688603177157
776,2150.676344275173,2468.399822677479,2306.3254109192367,0.03251791179199885
777,2150.676344275173,2468.399822677479,2304.2648970001287,0.052429612955759534
778,2150.676344275173,2468.399822677479,2295.47060178407,0.19311286301752525
779,2150.676344275173,2468.399822677479,2273.7158447231877,0.16513966713843548
780,2150.676344275173,2468.399822677479,2278.498661221863,0.049815628984350324
781,2150.676344275173,2468.399822677479,2286.620544516833,0.054244817543215834
782,2150.676344275173,2468.399822677479,2287.726500533442,0.08851732276381435
783,2150.676344275173,2468.399822677479,2291.9677074453857,0.1062827300020776
784,2150.676344275173,2468.399822677479,2292.7703411623947,0.1271482116325941
785,2150.676344275173,2468.399822677479,2300.973730793637,0.1058133856333409
786,2150.676344275173,2468.399822677479,2313.5286185675227,0.11196584854524397
787,2150.676344275173,2468.399822677479,2310.7520016015237,0.14086183015467382
788,2150.676344275173,2468.399822677479,2307.9028646237034,0.0911362257820008
789,2150.676344275173,2468.399822677479,2302.0272922413487,0.06962166449371655
790,2150.676344275173,2468.399822677479,2299.4180471190616,0.10412757980076758
791,2150.676344275173,2468.399822677479,2299.1757301788048,0.045881895863028314
792,2150.676344275173,2468.399822677479,2300.94638635849,0.10425552980895599
793,2150.676344275173,2468.399822677479,2286.631671993081,0.07966474114997385
794,2150.676344275173,2468.399822677479,2292.3701651613283,0.14856003428581122
795,2150.676344275173,2468.399822677479,2300.996695108188,0.056932518394135705
796,2150.676344275173,2468.399822677479,2290.701063349056,0.0960803957703959
797,2150.676344275173,2468.399822677479,2285.8270601185723,0.13308386156890056
798,2150.676344275173,2468.399822677479,2283.127490667999,0.0619208915283957
799,2150.676344275173,2468.399822677479,2282.0902151516407,0.04247602552143441
800,2150.676344275173,2468.399822677479,2281.4259130400487,0.03812027022912065
801,2150.676344275173,2468.399822677479,2285.189556243975,0.10872490288097075
802,2150.676344275173,2468.399822677479,2294.1949653511924,0.06814963269190578
803,2150.676344275173,2468.399822677479,2293.0870260290653,0.1019578379679322
804,2150.676344275173,2468.399822677479,2309.602362641534,0.06260154791224942
805,2150.676344275173,2468.399822677479,2309.7363666787314,0.06676534082109642
806,2150.676344275173,2468.399822677479,2308.413887410815,0.15399817432119672
807,2150.676344275173,2468.399822677479,2302.2570832438723,0.09859955238096571
808,2150.676344275173,2468.399822677479,2303.220275435797,0.051947086673850534
809,2150.676344275173,2468.399822677479,2300.2848148672256,0.10322310127775855
810,2150.676344275173,2468.399822677479,2297.8043898010174,0.06944172456236469
811,2150.676344275173,2468.399822677479,2304.6219120384835,0.09574030317697917
812,2150.676344275173,2468.399822677479,2296.624591689449,0.0819680190976044
813,2150.676344275173,2468.399822677479,2301.034691481589,0.10156058844122919
814,2150.676344275173,2468.399822677479,2293.669183271061,0.07518190740252753
815,2150.676344275173,2468.399822677479,2281.0932929440974,0.07651747572971453
816,2150.676344275173,2468.399822677479,2282.824598029593,0.49440252347659136
817,2150.676344275173,2468.399822677479,2275.2518713034824,0.09985997862062904
818,2150.676344275173,2468.399822677479,2280.7449982044213,0.09640400301575969
819,2150.676344275173,2468.399822677479,2294.918768756742,0.1302359066777475
820,2150.676344275173,2468.399822677479,2303.2187843161623,0.05536482083402749
821,2150.676344275173,2468.399822677479,2293.050220302698,0.0929811628353014
822,2150.676344275173,2468.399822677479,2274.08183044034,0.1075605814563384
823,2150.676344275173,2468.399822677479,2278.01826450089,0.07900587383595616
824,2150.676344275173,2468.399822677479,2274.6811429299783,0.052442202071615915
825,2150.676344275173,2468.399822677479,2281.8495006332973,0.04232838649382812
826,2150.676344275173,2468.399822677479,2284.167844669532,0.04344425509577404
827,2150.676344275173,2468.399822677479,2285.8402495182736,0.0673000471479799
828,2150.676344275173,2468.399822677479,2298.553245459018,0.034357089834200626
829,2150.676344275173,2468.399822677479,2301.032758519809,0.0331899275024421
830,2150.676344275173,2468.399822677479,2303.919435277955,0.2045480456517369
831,2150.676344275173,2468.399822677479,2299.815944605004,0.046761258387303224
832,2150.676344275173,2468.399822677479,2304.9497238504127,0.08049288055368732
833,2150.676344275173,2468.399822677479,2300.736495334029,0.12221084876630323
834,2150.676344275173,2468.399822677479,2313.740946095805,0.10056260349400713
835,2150.676344275173,2468.399822677479,2310.683480842349,0.09800224328884288
836,2150.676344275173,2468.399822677479,2313.3024073095075,0.14732262289710574
837,2150.676344275173,2468.399822677479,2327.5156304220245,0.14054814630603887
838,2150.676344275173,2468.399822677479,2337.9696596384288,0.2564519937778112
839,2150.676344275173,2468.399822677479,2340.1907668289405,0.1025177434022583
840,2150.676344275173,2468.399822677479,2336.899728583184,0.08838310488744307
841,2150.676344275173,2468.399822677479,2334.9482280048846,0.18434364345902693
842,2150.676344275173,2468.399822677479,2351.2761827100308,0.5840619541880536
843,2150.676344275173,2468.399822677479,2390.597714544937,0.2903237313397907
844,2150.676344275173,2468.399822677479,2378.4043435815965,0.2759388635047976
845,2150.676344275173,2468.399822677479,2383.004891937406,0.18112604358683337
846,2150.676344275173,2468.399822677479,2387.818503518165,0.350125124253588
847,2150.676344275173,2468.399822677479,2389.6549184483792,0.09566077614114343
848,2150.676344275173,2468.399822677479,2379.6320584924024,0.1439125237195144
849,2150.676344275173,2468.399822677479,2376.4002693410634,0.10448563612029832
850,2150.676344275173,2468.399822677479,2389.1627698425987,0.48884244333540616
851,2150.676344275173,2468.399822677479,2428.6691072715944,0.3848993188010123
852,2150.676344275173,2468.399822677479,2415.577391438849,0.20675768865721886
853,2150.676344275173,2468.399822677479,2400.3851801383094,0.2355065792446142
854,2150.676344275173,2468.399822677479,2392.12165506545,0.11671976474398463
855,2150.676344275173,2468.399822677479,2387.6715728096347,0.1524644378029797
856,2150.676344275173,2468.399822677479,2400.300261427279,0.3340507789060876
857,2150.676344275173,2468.399822677479,2368.760638591777,0.3706957966881596
858,2150.676344275173,2468.399822677479,2359.249765532374,0.2313836977339812
859,2150.676344275173,2468.399822677479,2368.7108118562733,0.18043270639967848
860,2150.676344275173,2468.399822677479,2358.4127040134213,0.15430985847427764
861,2150.676344275173,2468.399822677479,2367.6028662452272,0.19206095102709111
862,2150.676344275173,2468.399822677479,2370.170115991318,0.24343966604206468
863,2150.676344275173,2468.399822677479,2362.0337546890387,0.24088548011335734
864,2150.676344275173,2468.399822677479,2365.725455179249,0.11862087153068107
865,2150.676344275173,2468.399822677479,2361.1413011208115,0.1382185103400982
866,2150.676344275173,2468.399822677479,2355.975704609608,0.17158426016716768
867,2150.676344275173,2468.399822677479,2361.0190708257896,0.11278844972263626
868,2150.676344275173,2468.399822677479,2375.468137455353,0.11645368910218455
869,2150.676344275173,2468.399822677479,2370.7532597331174,0.05035720030332177
870,2150.676344275173,2468.399822677479,2367.887105210345,0.06161063205960663
871,2150.676344275173,2468.399822677479,2370.2713969999995,0.05064397088876229
872,2150.676344275173,2468.399822677479,2377.7946475252734,0.045079261157342176
873,2150.676344275173,2468.399822677479,2377.0522382340405,0.1088645759637664
874,2150.676344275173,2468.399822677479,2362.7020687187514,0.06268579913823148
875,2150.676344275173,2468.399822677479,2370.691511874243,0.1274155996113329
876,2150.676344275173,2468.399822677479,2376.518872965423,0.10558136881897746
877,2150.676344275173,2468.399822677479,2365.0248643488835,0.37020435055788176
878,2150.676344275173,2468.399822677479,2307.4899815433723,3.150458085254367
879,2150.676344275173,2468.399822677479,2249.06885491273,0.9313609097773661
880,2046.4743679845694,2381.0309684644317,2224.663901619685,0.5663430761045759
881,2046.4743679845694,2381.0309684644317,2195.985743471763,0.5909255371614265
882,2046.4743679845694,2381.0309684644317,2239.82091247856,0.5220307765133904
883,2046.4743679845694,2381.0309684644317,2232.044254669712,0.25620656882035997
884,2046.4743679845694,2381.0309684644317,2223.660519508788,0.583316746276334
885,2046.4743679845694,2381.0309684644317,2199.891085555625,0.434887676049004
886,2046.4743679845694,2381.0309684644317,2207.737033875024,0.11757741907626265
887,2046.4743679845694,2381.0309684644317,2219.4427686816443,0.11298084526202261
888,2046.4743679845694,2381.0309684644317,2227.4533054869257,0.14274671774521228
889,2046.4743679845694,2381.0309684644317,2207.0818385985604,0.09461186934197453
890,2046.4743679845694,2381.0309684644317,2210.185049851999,0.15469664320078225
891,2046.4743679845694,2381.0309684644317,2211.4652226484136,0.1326181713692911
892,2046.4743679845694,2381.0309684644317,2207.513450574096,0.11044306937652738
893,2046.4743679845694,2381.0309684644317,2231.922747384403,0.13488771548414738
894,2046.4743679845694,2381.0309684644317,2233.4008308541274,0.10555309075278013
895,2046.4743679845694,2381.0309684644317,2238.5319274335798,0.09161892193335526
896,2046.4743679845694,2381.0309684644317,2239.0300922692177,0.1044027990180569
897,2046.4743679845694,2381.0309684644317,2239.85861637558,0.1556380126161606
898,2046.4743679845694,2381.0309684644317,2223.695959284832,0.15319277527289477
899,2046.4743679845694,2381.0309684644317,2218.515660144857,0.1194827961572379
900,2046.4743679845694,2381.0309684644317,2225.5593896708933,0.18433784075697188
901,2046.4743679845694,2381.0309684644317,2223.149320692995,0.1061865747405813
902,2046.4743679845694,2381.0309684644317,2229.201446961414,0.16116072894928266
903,2046.4743679845694,2381.0309684644317,2237.6688636530434,0.0993220989260539
904,2046.4743679845694,2381.0309684644317,2241.4222759845284,0.2911208076833443
905,2046.4743679845694,2381.0309684644317,2273.1860974623914,0.3437434423811453
906,2046.4743679845694,2381.0309684644317,2277.2107128083835,0.5602061442614495
907,2046.4743679845694,2381.0309684644317,2272.9234085974804,0.1785091277955295
908,2046.4743679845694,2381.0309684644317,2277.427407564502,0.12646323787029656
909,2046.4743679845694,2381.0309684644317,2277.024476279682,0.2465562131244302
910,2046.4743679845694,2381.0309684644317,2275.951102690828,0.21735080423447492
911,2046.4743679845694,2381.0309684644317,2277.7638015665866,0.15835604030187186
912,2046.4743679845694,2381.0309684644317,2274.563658308264,0.17910430979922354
913,2046.4743679845694,2381.0309684644317,2271.801679683693,0.09749891631924636
914,2046.4743679845694,2381.0309684644317,2269.7459975714232,0.10295361960179573
915,2046.4743679845694,2381.0309684644317,2271.2437718919705,0.4105663071704672
916,2046.4743679845694,2381.0309684644317,2239.496965900256,0.33224703967174835
917,2046.4743679845694,2381.0309684644317,2243.234133170642,0.10587653560534742
918,2046.4743679845694,2381.0309684644317,2244.6530187010494,0.10464289698296167
919,2046.4743679845694,2381.0309684644317,2246.77943326162,0.1205848821231118
920,2046.4743679845694,2381.0309684644317,2247.874479189804,0.5244637598480342
921,2046.4743679845694,2381.0309684644317,2257.262854866316,0.190617165069606
922,2046.4743679845694,2381.0309684644317,2255.6893668111,0.06330521121975691
923,2046.4743679845694,2381.0309684644317,2253.563734256483,0.1461173632182327
924,2046.4743679845694,2381.0309684644317,2266.2814540172863,0.13242345665479371
925,2046.4743679845694,2381.0309684644317,2239.6138343193,0.10936380471324811
926,2046.4743679845694,2381.0309684644317,2242.475068597982,0.12371919315793677
927,2046.4743679845694,2381.0309684644317,2243.764482546058,0.15666117062393847
928,2046.4743679845694,2381.0309684644317,2248.101913242252,0.29289871182372085
929,2046.4743679845694,2381.0309684644317,2229.565564827197,0.24493991054071654
930,2046.4743679845694,2381.0309684644317,2225.3921269215266,0.37906848315572106
931,2046.4743679845694,2381.0309684644317,2214.2831096267946,0.7343658044917614
932,2046.4743679845694,2381.0309684644317,2232.847289829118,0.09931631932097817
933,2046.4743679845694,2381.0309684644317,2234.571120096212,0.10501260289624532
934,2046.4743679845694,2381.0309684644317,2234.944456732275,0.15162465415223278
935,2046.4743679845694,2381.0309684644317,2249.69729529958,0.11379850054086624
936,2046.4743679845694,2381.0309684644317,2247.208351062269,0.06633622815212231
937,2046.4743679845694,2381.0309684644317,2247.9420799007044,0.2024704616165479
938,2046.4743679845694,2381.0309684644317,2269.369572260956,0.08576654662124496
939,2046.4743679845694,2381.0309684644317,2264.541593544216,0.048793975004461254
940,2046.4743679845694,2381.0309684644317,2256.530347892134,0.032846361446016464
941,2046.4743679845694,2381.0309684644317,2257.536558671666,0.03755385378062654
942,2046.4743679845694,2381.0309684644317,2255.2425186603923,0.03229091944439803
943,2046.4743679845694,2381.0309684644317,2249.292922159092,0.1182108951877453
944,2046.4743679845694,2381.0309684644317,2236.77732309469,0.15941103494384962
945,2046.4743679845694,2381.0309684644317,2221.334535508782,0.10296877175968652
946,2046.4743679845694,2381.0309684644317,2233.893643422693,0.05683320045421263
947,2046.4743679845694,2381.0309684644317,2238.21264276796,0.03466466939075733
948,2046.4743679845694,2381.0309684644317,2236.5428239698726,0.03938593806143134
949,2046.4743679845694,2381.0309684644317,2237.622580153908,0.12521314864968847
950,2046.4743679845694,2381.0309684644317,2238.914479289452,0.12642449173012454
951,2046.4743679845694,2381.0309684644317,2232.9176520771894,0.056468777141909225
952,2046.4743679845694,2381.0309684644317,2237.0981562497614,0.06429033482010323
953,2046.4743679845694,2381.0309684644317,2241.262054013841,0.05390302066488015
954,2046.4743679845694,2381.0309684644317,2247.318089174833,0.04210871087164392
955,2046.4743679845694,2381.0309684644317,2246.766660165061,0.043100077865024865
956,2046.4743679845694,2381.0309684644317,2251.23307237798,0.0716603724178684
957,2046.4743679845694,2381.0309684644317,2249.3719759640094,0.14473415225819355
958,2046.4743679845694,2381.0309684644317,2246.5502105590226,0.08945464753658856
959,2046.4743679845694,2381.0309684644317,2243.509237711184,0.06691851955716695
960,2046.4743679845694,2381.0309684644317,2240.682107875813,0.07020877999137053
961,2046.4743679845694,2381.0309684644317,2238.1633974791525,0.04287798213970811
962,2046.4743679845694,2381.0309684644317,2240.7057767401293,0.06755434190489368
963,2046.4743679845694,2381.0309684644317,2251.8660864370445,0.06960916751229686
964,2046.4743679845694,2381.0309684644317,2243.882141924618,0.07852543587141121
965,2046.4743679845694,2381.0309684644317,2240.074199994244,0.04139571476546029
966,2046.4743679845694,2381.0309684644317,2242.9130541108293,0.0393370363717367
967,2046.4743679845694,2381.0309684644317,2248.295168519489,0.17377001174799442
968,2046.4743679845694,2381.0309684644317,2244.1709416980834,0.03549477958416037
969,2046.4743679845694,2381.0309684644317,2250.042834115184,0.047634930938147746
970,2046.4743679845694,2381.0309684644317,2249.3778483897995,0.10767264418846206
971,2046.4743679845694,2381.0309684644317,2241.403961602955,0.1046657764811265
972,2046.4743679845694,2381.0309684644317,2235.3047405964016,0.02558450456948129
973,2046.4743679845694,2381.0309684644317,2238.768923733116,0.03303871386614057
974,2046.4743679845694,2381.0309684644317,2238.9129722877483,0.05158821159046788
975,2046.4743679845694,2381.0309684644317,2239.437653528505,0.09068090329662085
976,2046.4743679845694,2381.0309684644317,2252.844089360259,0.07413824764746868
977,2046.4743679845694,2381.0309684644317,2249.9242580383907,0.17905875448131875
978,2046.4743679845694,2381.0309684644317,2233.298318783836,0.1995530485136155
979,2046.4743679845694,2381.0309684644317,2228.8292261813863,0.09428809577672745
980,2046.4743679845694,2381.0309684644317,2240.054991832869,0.047849445684278
981,2046.4743679845694,2381.0309684644317,2247.036589535747,0.03134738905336876
982,2046.4743679845694,2381.0309684644317,2249.6631480669685,0.09597085702066277
983,2046.4743679845694,2381.0309684644317,2241.467430461557,0.08463615666864033
984,2046.4743679845694,2381.0309684644317,2241.574794754683,0.22453230963641874
985,2046.4743679845694,2381.0309684644317,2217.343596943752,0.18366047945540043
986,2046.4743679845694,2381.0309684644317,2221.305450782043,0.2289958352517279
987,2046.4743679845694,2381.0309684644317,2197.0056094052684,0.13215152141016628
988,2046.4743679845694,2381.0309684644317,2206.29610875581,0.34161231079000065
989,2046.4743679845694,2381.0309684644317,2184.259935710799,0.22732530719902921
990,2046.4743679845694,2381.0309684644317,2191.6828104015112,0.08185947220975731
991,2046.4743679845694,2381.0309684644317,2197.4643060275525,0.073677486539373
992,2046.4743679845694,2381.0309684644317,2196.153363615317,0.19031058167064366
993,2046.4743679845694,2381.0309684644317,2213.155051185419,0.13795113210453708
994,2046.4743679845694,2381.0309684644317,2225.786265410579,0.08844448092412274
995,2046.4743679845694,2381.0309684644317,2223.2928904394025,0.18436296984208453
996,2046.4743679845694,2381.0309684644317,2211.1811465387536,0.10283123700553225
997,2046.4743679845694,2381.0309684644317,2227.821664972512,0.030867336627552984
